user name,contact,email,password,date of birth,district,gender,language
prhodus0,416-534-9241,rkineton0@china.com.cn,kG9&1oJl~S.,10/26/2024,School,M,Slovenian
ichesney1,270-888-6579,cmcillrick1@uiuc.edu,mH8|?QP_!LU,12/29/2024,Red Cloud,M,Thai
edemorena2,719-133-4992,hixor2@hatena.ne.jp,xC3=*sb3_pn',4/18/2025,7th,F,Maori
bbrawson3,888-474-0735,lroughey3@smh.com.au,zR9~rh<.~AB7,1/16/2025,Dixon,F,Mongolian
bklosges4,784-270-5769,glean4@woothemes.com,"wN9@jBA&&{p90BB""",3/6/2025,Talisman,F,Bengali
grouchy5,235-459-7762,kborham5@purevolume.com,sC7!'.M80,9/14/2024,Fair Oaks,M,Panjabi
meddoes6,135-818-6054,oharby6@t-online.de,"dM5,""Pbp",7/26/2024,Twin Pines,M,Thai
ieaton7,664-310-2724,yhugenin7@google.de,tF7!YwOTzzdv,10/18/2024,Hollow Ridge,M,Maori
szammett8,814-770-0183,jallred8@jigsy.com,qP9!\Rr%4,5/20/2024,Maple Wood,F,Czech
drubi9,717-130-6087,jdring9@newsvine.com,iV6'B|fbF,9/4/2024,Truax,F,Church Slavic
erenekea,746-377-6029,slocketa@livejournal.com,"tC9\7F2,G",7/15/2024,Superior,F,Pali
qrunnaclesb,704-888-6811,cportwaineb@yelp.com,lK3_RYx~*U$,10/7/2024,5th,M,Dzongkha
mingonc,467-991-6099,gstobbesc@weather.com,kP3/oO@\mJQs{)!,12/26/2024,Derek,F,Interlingue
cdarleyd,628-873-0150,mtozerd@webs.com,rN7.F2`w,3/31/2025,Merry,M,Tonga (Tonga Islands)
jfurbye,227-678-6734,ewollastone@ameblo.jp,bX2)S)#X1F+.T,5/4/2025,Vahlen,M,Finnish
ccalteraf,969-905-2210,xohanlonf@cnn.com,"xY8%K&""x",2/12/2025,Melrose,M,Akan
kbedberryg,606-643-7609,jtaffieg@ifeng.com,yC7*P2stG@,4/3/2025,Goodland,F,Inupiaq
dkopfenh,489-345-8963,rpaxfordeh@dell.com,"fY1,|?/>_",1/28/2025,Birchwood,F,Russian
jpachi,905-451-5097,ikirknessi@ezinearticles.com,lB8#h<)0,1/19/2025,Grover,M,Pali
evanhaultj,651-357-5147,cingyonj@google.cn,"zN2""8&Xyy4",4/28/2025,Trailsway,F,Bislama
rleadk,854-116-5493,aaldrittk@creativecommons.org,qM0)'%eiu@kt,4/22/2025,Kedzie,F,Zhuang
rpiechel,754-328-1635,ssilbermannl@uiuc.edu,"aT6+#NN&""*xZ%a(",7/28/2024,School,M,Zhuang
gstanistretem,305-589-6791,sbeahanm@nyu.edu,hQ1)v&p4(,10/31/2024,Northridge,F,Irish
pgippsn,199-745-3609,brittern@wunderground.com,lQ8$\J{#,7/2/2024,Bartelt,F,Inupiaq
blaweleso,825-341-1071,spurvisso@miibeian.gov.cn,pP6`hFD5a.=,2/11/2025,Elmside,M,Chamorro
squestedp,591-501-6886,mvineyp@google.co.uk,uU5*j}8_waIx,1/3/2025,Eastlawn,M,Xhosa
wkasq,724-683-5821,cklaggeq@scientificamerican.com,hR0.(=!wUXrzQ,12/1/2024,Onsgard,F,Lithuanian
rcaplenr,252-179-2033,bbasilir@ucoz.com,xO9|U?&R,1/17/2025,Fallview,F,Guarani
rmckerans,675-476-1064,atownsends@newsvine.com,yD5.HGLccB{,3/10/2025,Southridge,F,Kalaallisut
ajatczakt,272-827-3112,pwhitehornt@goo.gl,"iR2{W~4,Dj0|>o=O",6/12/2024,Johnson,M,Albanian
traysonu,471-474-0031,satchesonu@bizjournals.com,fR6\X&AW2J1(1w,10/21/2024,Ohio,M,Kalaallisut
vmumv,475-633-5571,jcasselv@ucsd.edu,oO6'CT*Rof=yrt,7/23/2024,Talisman,M,Zulu
ffetterplacew,722-817-0430,stalmadgew@studiopress.com,oT7?yS@m&+m,4/7/2025,Vera,M,Northern Sami
jcawtex,391-921-5855,cgilfoylex@symantec.com,"nG9@i,eG@Z",10/27/2024,Clyde Gallagher,M,Burmese
tfrangelloy,117-443-3746,bmcgeachiey@accuweather.com,"qT8`H5RuV`_xO""$",10/26/2024,Schmedeman,M,Chechen
cadaminiz,926-252-1818,iatkinsz@comcast.net,jT4~84dq_E>2ag,1/24/2025,Park Meadow,F,Limburgan
dilive10,679-847-1408,wreddin10@dyndns.org,pE8{ajz?+thM},9/17/2024,Farwell,F,Sanskrit
jdillingstone11,216-646-5197,lbalas11@webnode.com,"oO6{7Cbo>xL,9Ird",5/19/2024,Eagan,M,Tahitian
gverdey12,618-844-4007,odibernardo12@paginegialle.it,pQ6?qbe?GOcwlE~,3/13/2025,Reindahl,F,Ojibwa
hwass13,921-289-3288,ggregs13@deliciousdays.com,pX0!Z|ZD8NbaPQ,4/16/2025,Shelley,F,Indonesian
eseagar14,971-790-5113,kpetters14@patch.com,xZ9=fu}(,7/30/2024,Grayhawk,F,Occitan (post 1500)
hcopestake15,181-448-4728,ccoyish15@shutterfly.com,qQ9*io4v6!,2/24/2025,Montana,F,Sanskrit
fboal16,931-661-7534,csindle16@booking.com,bY4>9K#R6+dHK=gP,1/23/2025,Cascade,M,Gujarati
akeeling17,142-704-6883,mlammerts17@ehow.com,pS7'p}'1D%,4/7/2025,Norway Maple,M,Kannada
civannikov18,240-288-2597,jpeyton18@blogtalkradio.com,oR1..nR_a,9/23/2024,Badeau,M,Lao
sdunston19,170-943-5168,smorgue19@abc.net.au,iD8\p/!3MSv*RN,1/13/2025,Hoffman,M,Kanuri
hthonason1a,956-619-9573,fyukhin1a@hexun.com,zY9>YSiEQv2<,12/16/2024,Commercial,M,Nepali
ychristaeas1b,414-252-7375,sdedmam1b@vk.com,pO8?hK6XSFB1,5/26/2024,Donald,M,Sindhi
nciepluch1c,276-752-5145,mbrundale1c@noaa.gov,kC0<zyw\S,10/13/2024,Warner,F,Swati
lpibworth1d,688-372-7367,csterrie1d@un.org,"lD5~hvv,B5P/aO<q",12/6/2024,Wayridge,F,Navajo
bforryan1e,947-472-8510,rattrie1e@prweb.com,zH3'T!1M,1/2/2025,Granby,F,Panjabi
snetting1f,213-113-0803,clucks1f@ifeng.com,"rV7}rqr`""R",1/27/2025,Homewood,F,Persian
brobbeke1g,868-424-7063,bchurchman1g@go.com,nB8`u`VThzh&,5/12/2025,Harper,M,German
jred1h,753-753-3148,striggel1h@taobao.com,qT0#S\2)T$7,9/19/2024,Stoughton,F,Norwegian
aslimme1i,151-917-0120,lojeda1i@nytimes.com,oN1/$m.=,8/17/2024,Nelson,F,Kikuyu
yspencock1j,254-555-7762,dephson1j@t.co,sY4}bc5wbFpbbi,3/9/2025,Lunder,M,Kalaallisut
reliot1k,932-332-6060,cfilshin1k@cbsnews.com,xD6>u%<Lc,6/3/2024,Washington,M,Zhuang
gphizackarley1l,346-807-0926,cfitchett1l@zimbio.com,cA5=Wz\/D_,7/31/2024,Karstens,F,Yiddish
mshepherd1m,634-174-5086,rchittie1m@sakura.ne.jp,hX2.7C!*fKV,1/11/2025,Haas,F,Czech
mstanistrete1n,496-517-5190,bpearcey1n@typepad.com,nC5+LP8ngjW\I},5/15/2024,1st,M,Finnish
mmonketon1o,605-243-4351,dcord1o@taobao.com,zL6@0=50>~MIc7>O,6/22/2024,Acker,M,Hungarian
aloughney1p,163-376-7739,rcrocken1p@studiopress.com,fN8)D`P327/Z,3/16/2025,Little Fleur,F,Tibetan
mhulatt1q,736-955-2644,omowne1q@twitpic.com,zY0>+bnz,2/17/2025,Pearson,F,Tonga (Tonga Islands)
jcrallan1r,573-801-8268,cleonard1r@desdev.cn,"iN3,a)oc",7/14/2024,Surrey,M,Finnish
hmordaunt1s,228-419-7337,xpowlesland1s@elegantthemes.com,rC6*y7W)x,7/10/2024,Shelley,F,Hausa
jangrick1t,532-692-5939,tgarrie1t@sbwire.com,"oA9`l""ev",3/28/2025,Northridge,M,Hungarian
bdibdin1u,196-307-7993,ddarter1u@buzzfeed.com,xN0)21{zJ7,11/15/2024,Fordem,M,Zulu
garnow1v,364-814-1865,eseeborne1v@weather.com,eL3$@S|.JXt/o*6J,8/4/2024,Shasta,M,Malagasy
pescale1w,219-557-9749,hmacandrew1w@tinypic.com,dB8`<`*X<C8,10/16/2024,Ohio,F,Panjabi
kbeaglehole1x,270-636-8133,kreggio1x@msu.edu,"lT3""3M&fU=W9}t",7/9/2024,Browning,F,Fijian
lmancktelow1y,370-242-8889,ewaind1y@tuttocitta.it,"yV8,DVP}M",3/13/2025,Fair Oaks,M,Malayalam
deakeley1z,735-122-1833,abelfrage1z@oaic.gov.au,"lA1""F%67",5/19/2024,Everett,F,Slovenian
dgold20,492-835-9302,emcgebenay20@360.cn,"wZ9!%A'y6""vTM=NP",11/24/2024,Mockingbird,M,Uighur
fheinssen21,332-120-0730,ahoworth21@forbes.com,cS5=>m9=Lx,2/7/2025,Eliot,F,Divehi
escintsbury22,369-237-0664,ktargett22@digg.com,eU3$KZ`K>+wK,3/7/2025,Kennedy,F,Limburgan
wrajchert23,845-546-9088,clavall23@patch.com,bY7!rrlN{=/iOl@1,11/14/2024,Northridge,M,Catalan
hbrayley24,380-904-6749,nyakunchikov24@answers.com,jN5*/kTC#D.,7/4/2024,Chinook,M,Sango
nrookledge25,238-160-5778,wleavey25@msu.edu,"iD6+GmU_R,~}~9",4/13/2025,Anzinger,F,Urdu
kgrimwood26,966-570-3327,otwidell26@digg.com,"cV3'Ia@,g50t",5/3/2025,Golf View,M,Wolof
bcakes27,308-656-3763,rbrosetti27@mashable.com,aK1|OCtnf$M`,7/31/2024,Marquette,F,Bislama
aleach28,889-817-8222,kmaben28@miibeian.gov.cn,fW5)h.#F'fw2BM!,9/7/2024,Scoville,F,Thai
mlombard29,415-277-8304,mdowden29@gizmodo.com,aF4'4cvRe,5/10/2025,Fallview,F,Tatar
bsandever2a,101-767-1411,wrann2a@tripod.com,yD9=b_nCNz_IN,3/4/2025,Boyd,F,Sundanese
asymons2b,626-192-3431,avasentsov2b@msu.edu,"zN5""m)`ACd"">B",5/16/2024,Jana,F,Marathi
nsowray2c,234-510-8456,emcdougle2c@ihg.com,oT7_|YLYoQn<.X@H,6/2/2024,Prairie Rose,M,Corsican
udeeks2d,860-816-0279,asnap2d@virginia.edu,vC0}R4/0G>,7/1/2024,Merry,M,Bengali
fcarlyon2e,579-136-5525,skettoe2e@forbes.com,wD0'yC9>vwPnCSC,12/18/2024,Jana,M,Ndonga
gerwin2f,632-763-6579,lbeacock2f@umich.edu,vG6+@~!xEFdd,2/5/2025,Corscot,F,Navajo
skillingback2g,510-356-8905,rgoldbourn2g@prnewswire.com,bN4.{SQZZ,5/21/2024,Fallview,F,Telugu
tcappineer2h,815-955-5425,loverlow2h@spiegel.de,oA7<Uh)t~Cx,2/14/2025,Hudson,M,Galician
sbuckenhill2i,673-796-4087,jwhisson2i@hubpages.com,cK0@4Le)@,6/19/2024,Clemons,F,Macedonian
cblanchflower2j,653-935-9589,apiggott2j@google.es,wX3<9i787B,8/23/2024,Fallview,F,Church Slavic
lyuranovev2k,380-914-7303,bmattsson2k@irs.gov,mE9\jepKhCaY0&?r,5/8/2025,David,M,Ndonga
rbrafferton2l,862-772-1851,askeats2l@google.fr,lJ8_HxyS9Q3Hf,8/23/2024,Graceland,F,Albanian
pterne2m,447-128-0438,jsowthcote2m@shinystat.com,cY5`#/f{u9,7/26/2024,Beilfuss,M,Central Khmer
jgadsby2n,617-495-1478,lmacleese2n@cnbc.com,jO9>~gnabrW4,11/13/2024,Troy,M,Swahili
vhardiman2o,572-309-7009,twalch2o@tiny.cc,sW3=4!<f=`ey!JlU,8/28/2024,Bartillon,F,Assamese
wsherbrook2p,391-503-4720,sschwandermann2p@senate.gov,kD7`ml..i),3/16/2025,Myrtle,M,Urdu
mnalder2q,427-496-2972,hmacshirie2q@yale.edu,tU4~b8cRB%FW0X|<,8/7/2024,Myrtle,F,Zulu
cgrossman2r,344-488-3924,jraccio2r@about.me,cF4/S/|&W,11/23/2024,Kipling,M,Indonesian
dmackstead2s,423-953-6034,dmackett2s@netlog.com,oL2$L.|Zlw<A,8/26/2024,Luster,M,Uzbek
uphilipard2t,370-799-7052,jtankus2t@kickstarter.com,"cS2+,dM8FHR%'S%",6/21/2024,Delladonna,F,Quechua
sgold2u,547-267-8236,wtollmache2u@smugmug.com,aI6@ETE=H,8/18/2024,Cody,F,Croatian
bmulcahy2v,366-764-0584,dpeirson2v@ovh.net,jK8.L44%uBI`dZw,11/7/2024,Debs,M,Western Frisian
pgreenway2w,464-754-5083,tleve2w@cbsnews.com,xP3*ysRAc@mnsk,9/30/2024,Claremont,F,Yiddish
vledgister2x,439-967-9651,kdurant2x@about.com,yM6*7Q'0ef`L)Q=,12/14/2024,Thierer,F,Telugu
fseagrave2y,354-436-0050,efleote2y@smugmug.com,sE1}n6QfdjM4taj,7/16/2024,Bayside,M,Czech
awybron2z,349-878-9252,cheeney2z@marriott.com,sF0!k92M#Ji3!k0,4/22/2025,Boyd,M,Inupiaq
kcunio30,924-716-4533,dsinclar30@mozilla.org,dZ0(Fhh~!Mc9/gZd,5/6/2025,Macpherson,M,Hungarian
mortmann31,899-470-0881,tmaggiori31@fema.gov,jH0*X`0pYI,9/28/2024,Roth,M,Kazakh
ajosefer32,856-725-6997,mconrad32@howstuffworks.com,iC8)9'zX,10/13/2024,Oxford,M,Avestan
mclemencon33,649-522-1822,jsharvill33@wunderground.com,uO0?m!pG'}lB,3/10/2025,Mockingbird,F,Azerbaijani
sruddoch34,886-247-7762,lberkowitz34@npr.org,xX7$54L`,11/4/2024,Esch,F,Irish
jphant35,395-758-4857,lrollinshaw35@cbc.ca,"cR3""DntJ84)j?",3/20/2025,Pond,F,Azerbaijani
lethelston36,239-189-9590,rphillpotts36@cloudflare.com,"cF8!'fW{L3V6""",6/28/2024,Amoth,M,Georgian
bleal37,422-875-1339,gcheyne37@apache.org,aM4(5ckyc,2/9/2025,Bunting,F,Breton
gfarrimond38,376-872-2372,tspalls38@yelp.com,wU4@KNfCL4YJ,1/2/2025,3rd,F,Amharic
ccochran39,797-880-6749,jbiagini39@chicagotribune.com,"wO6,KfWG",4/6/2025,Homewood,M,Persian
cshepcutt3a,123-295-2672,qohear3a@mashable.com,aG2*SsnRh,3/5/2025,Hansons,M,Malayalam
gskeemor3b,196-967-8117,ksiggin3b@answers.com,hK7?*B\V'9=z,4/27/2025,Mcbride,F,Sichuan Yi
csudron3c,883-885-6966,pbremmer3c@networksolutions.com,jP1!`B#J/XZ58tE4,8/23/2024,Comanche,F,Sanskrit
vrundle3d,272-234-4000,mlicas3d@e-recht24.de,hV9\*dF6kMW,6/20/2024,Crescent Oaks,F,Mongolian
tgian3e,491-427-0119,trasper3e@jiathis.com,iG0?_>Ix,2/25/2025,Crowley,M,Swahili
kpiddlehinton3f,418-668-1015,mfranzettoini3f@last.fm,vN6}7zr<~V%I%h,2/21/2025,Transport,F,Tajik
astamp3g,698-557-0739,aspikeings3g@ucoz.com,qX9$Un=Sy<?+,9/7/2024,Buell,F,Venda
rtwelve3h,501-837-8725,lpaulusch3h@ocn.ne.jp,dA2\YH(oJ(`1M,12/10/2024,Oak,M,Tahitian
lfranies3i,317-413-8000,mscandrick3i@1688.com,gI9+>x>y~TE5,2/6/2025,Evergreen,M,Tamil
slieber3j,613-308-4118,egeerling3j@google.co.jp,tQ1/'CXRkf<,1/28/2025,Swallow,M,English
sgivens3k,707-777-9083,etungay3k@amazon.co.jp,"tV1},O4gtL}E",3/25/2025,Moulton,F,Kannada
phurd3l,946-253-1726,jpyser3l@hp.com,iS3'`O{}ukA8Fz3,5/10/2025,Mitchell,M,Lingala
tstyche3m,815-681-0288,ssmales3m@bbb.org,"sY8=6*""/2&",1/8/2025,Delladonna,F,Afar
vskellion3n,337-576-8915,greed3n@huffingtonpost.com,qW8<7Y.Uhf$TbG,7/15/2024,Beilfuss,F,Kirghiz
jgabbitas3o,424-304-8784,wtreasure3o@berkeley.edu,"mI5""'(.<S",7/19/2024,Merrick,F,Sinhala
cayto3p,589-136-5532,acarlesso3p@discovery.com,yA4'$$D7,3/28/2025,Schiller,F,Venda
santat3q,638-973-1509,cyanyushkin3q@google.it,"dY3<z,Ddrh+s+",6/16/2024,Mitchell,F,Sundanese
fjunkin3r,476-146-6450,jfilippozzi3r@squarespace.com,zJ2*PLsB=6I`7+`,7/10/2024,Fremont,M,French
bferre3s,170-646-3812,cgerrelt3s@time.com,lP3)!J`4&)mIV,5/30/2024,Bonner,M,Samoan
srame3t,369-474-2726,mwilloughway3t@creativecommons.org,rJ5_@3h6UpOFo7,1/25/2025,Derek,M,Venda
dsellars3u,823-133-1199,mpaxforde3u@symantec.com,dQ6@g=qJ,5/26/2024,Havey,M,Sardinian
bmathison3v,459-119-7128,gspurdens3v@uol.com.br,"bZ9)bv}{HJljZ,vZ",11/7/2024,Clarendon,F,Wolof
ascudamore3w,398-511-3461,bcorbin3w@nymag.com,nV7(Fh85lV,5/5/2025,Memorial,F,Galician
apagitt3x,105-728-3978,jfagge3x@arstechnica.com,"gN0{T0kjoC,Z9",4/18/2025,Granby,M,Amharic
nlowdham3y,185-592-7016,lhamblett3y@admin.ch,wT7>T`}F#2,7/10/2024,Pawling,M,"Bokmål, Norwegian"
lryal3z,853-915-8213,knieass3z@arizona.edu,"uH5$l%~yt""uJ""",10/17/2024,Hoard,F,Japanese
asanbrook40,194-860-2207,jgrattage40@squidoo.com,tP2=1T<1eCGPe?Xr,10/7/2024,Ridge Oak,F,Haitian
oyackiminie41,775-998-9802,mclark41@de.vu,hS9\qSC_oYE,10/13/2024,Sunnyside,M,"Greek, Modern (1453-)"
bsprade42,282-366-0423,tstringfellow42@networkadvertising.org,nT7)&38m~n6Kay,4/17/2025,Macpherson,F,Tajik
veykel43,835-963-9702,tlindgren43@surveymonkey.com,vB6?O%<1Mq+XxfP,2/13/2025,7th,F,Amharic
sbramelt44,202-118-2036,ssowten44@exblog.jp,mC4?yHy@+&C=xOf,6/25/2024,Fordem,F,Georgian
tyakubovich45,976-569-7272,nruslen45@java.com,iM0|Ax4dPw2,5/24/2024,Hanson,F,Guarani
hallnatt46,322-952-5120,wmarrison46@netscape.com,cH7`c=h?,5/9/2025,Old Gate,M,Polish
cmacginley47,504-394-6847,npyrke47@tmall.com,"pN4`jgQT""c""1@.dU",6/16/2024,Glacier Hill,M,English
dcornfield48,266-937-5021,kcurnock48@hhs.gov,pZ9{1b)E,9/27/2024,Maryland,F,Arabic
tangell49,577-297-0770,gbonnor49@mayoclinic.com,vR8=?)oy+zHzE~,12/3/2024,Delladonna,M,Assamese
cclapston4a,299-793-9001,dblois4a@comcast.net,rT4_li_vupe,3/8/2025,Emmet,F,Zhuang
lanwell4b,911-833-1473,cfrith4b@hud.gov,"nQ8'4,42sff46g",8/7/2024,Dawn,M,Bulgarian
nroof4c,364-479-1521,rdammarell4c@1und1.de,cP7=KGnG_cU<(,7/28/2024,Crownhardt,F,Uzbek
afishly4d,597-675-0131,wrobbeke4d@state.tx.us,"pX3*""Jp+{Wo",7/28/2024,Gina,F,Aymara
ksoutherton4e,221-218-5385,gshewring4e@ebay.com,jI3}?~c2fh3%Jl,11/27/2024,Vera,F,Bulgarian
rramel4f,293-533-6202,tbruna4f@zimbio.com,sG3_u&7U@&1#UF,10/19/2024,Cordelia,F,Western Frisian
bchiverstone4g,788-242-5192,sanneslie4g@blog.com,wS1~>DS3,4/8/2025,3rd,F,Chechen
krhyme4h,615-765-2825,acaulcutt4h@oracle.com,oF8/3Yb@54,8/27/2024,Grayhawk,M,Ido
jskeates4i,827-926-4793,goultram4i@jimdo.com,mT1}(v>I/H.,11/24/2024,Kinsman,M,Haitian
valvaro4j,934-447-8333,lbalsom4j@drupal.org,hH2|CX=#!w,9/26/2024,Red Cloud,M,Chichewa
esneyd4k,779-890-8418,agini4k@wunderground.com,qQ6)o`{&li>84r~,5/1/2025,Luster,F,English
cadacot4l,895-731-5148,nbowcher4l@gmpg.org,eF2+C~_e&i,5/11/2025,Annamark,M,Catalan
csutworth4m,156-430-3442,mdagnall4m@hugedomains.com,aM7~HSG(7UI7,11/14/2024,Longview,M,"Ndebele, North"
gwoolgar4n,389-244-1407,cleidecker4n@sourceforge.net,gJ2{c6Jq2ZBYuw,8/5/2024,Clarendon,F,Maltese
tferenczy4o,420-117-8897,lmuckian4o@netscape.com,hA1=66VAcm8nNqqm,5/1/2025,Bashford,F,Ganda
sbuntain4p,521-166-5572,charsum4p@miitbeian.gov.cn,oW7(LG`B,5/22/2024,Colorado,F,Slovak
dstaker4q,905-714-7167,iwhittuck4q@java.com,"hM2`""dPNX!g0`xV\",5/10/2025,Banding,F,Albanian
awollacott4r,863-586-8634,jpreddle4r@jugem.jp,fU5'uusR_i!`=,4/12/2025,Bluejay,F,Estonian
lponton4s,272-556-4210,egreguoli4s@epa.gov,eC8/=&8rtz_d<&mz,10/23/2024,Old Shore,F,Ganda
aorrocks4t,381-810-3731,nnichols4t@jimdo.com,tI9}~).Sc!'8H0v,3/30/2025,Montana,F,Ndonga
rwithams4u,516-721-5206,egamil4u@angelfire.com,"lY7=Mcyx4iE""<W",11/25/2024,Tomscot,M,Assamese
vreeve4v,447-398-6237,mvonhelmholtz4v@bbb.org,hN2+dAq<s.R1NB,5/14/2025,Oriole,M,Fulah
cgatenby4w,343-927-5882,amonteith4w@answers.com,kK3>K$ZAZmv4J|Z,4/24/2025,Lawn,F,Ossetian
tcouser4x,607-468-2860,dorrick4x@ameblo.jp,jQ9|b_g@Y,2/25/2025,Burning Wood,M,Avaric
vgemnett4y,411-173-6834,esleicht4y@independent.co.uk,"zR1""2z((.E",1/28/2025,Warrior,F,Azerbaijani
rgrigolashvill4z,256-298-6112,jreaney4z@apple.com,zK5|D'US>b0,12/13/2024,Nevada,F,German
amaw50,628-168-9005,rberthome50@fc2.com,wW3?KQeJ2+rau~,1/6/2025,Lindbergh,M,"Ndebele, South"
rplevey51,347-720-8484,flennard51@abc.net.au,iY4>Murd,8/31/2024,Heffernan,M,Limburgan
dpateman52,501-677-2056,wzottoli52@clickbank.net,gT9!K8PQBdsc,2/20/2025,Merry,M,Croatian
edehoogh53,769-549-3253,zminichi53@globo.com,kV9@jIs47>,2/16/2025,Grasskamp,F,Inuktitut
mbool54,986-863-6919,etunnock54@wordpress.org,"rJ1$qE,qs@~BaQEk",12/15/2024,Derek,M,Venda
dzapater55,643-693-6701,kfrondt55@europa.eu,xT1$/}azs(~A>,11/20/2024,Artisan,M,Church Slavic
qjosey56,887-188-4504,znaerup56@geocities.jp,vL0+ffS0Z|,3/23/2025,Manley,F,Kanuri
obage57,516-349-0119,wquainton57@usnews.com,"vB4#$Gi!/}Ao4""",9/15/2024,Thierer,F,Tagalog
pwodeland58,114-144-5479,aknight58@cbc.ca,gF8#.|ucfG92pCOp,9/13/2024,Brentwood,F,Twi
ldyneley59,600-531-1449,mtruelock59@cdc.gov,"lV7""v8BJe",7/29/2024,Pond,M,Haitian
lbothe5a,304-836-8795,mkeppie5a@cnbc.com,nT0>evjs,7/10/2024,Meadow Vale,F,Kinyarwanda
tbockmann5b,926-511-8184,ndederich5b@bizjournals.com,"fQ2<.(8>&U#,",5/12/2025,Sunbrook,M,Tamil
achaunce5c,413-306-2128,vceschi5c@reference.com,zO3>\x)Nive,5/12/2025,Oak Valley,F,Zulu
akitteman5d,864-580-3057,nbenard5d@mapquest.com,eQ0=p_Od3+O,9/29/2024,Leroy,F,Ganda
htroy5e,270-201-0633,ccaulwell5e@addtoany.com,"uH9*Itnm!R,",6/6/2024,Merchant,F,Dutch
rcausley5f,706-726-6979,galthrop5f@marriott.com,gX7.E+WDQJCas,7/20/2024,High Crossing,M,Danish
vpetri5g,644-544-0261,tgarnar5g@kickstarter.com,"yG8.>""qN!a>@riU",8/6/2024,Pond,M,Malagasy
mlongstreet5h,454-952-3863,ymathewes5h@sakura.ne.jp,"iU8,VXEnD9",11/7/2024,Sachtjen,F,Komi
tdonnersberg5i,869-348-0175,rdodworth5i@ask.com,"zX1""oQA=RuPu",9/15/2024,Summerview,F,Kurdish
rkeeri5j,956-277-3222,jmelladew5j@gnu.org,sZ9.C(9cdJ0,6/30/2024,Pond,M,Afar
ghillatt5k,517-289-2286,mcasterou5k@engadget.com,qZ2=E$kt,9/10/2024,Park Meadow,M,"Bokmål, Norwegian"
cpoulgreen5l,703-462-5089,rbruyet5l@aboutads.info,"iI7%Np=,!H",5/4/2025,Wayridge,F,Haitian
lpruce5m,616-372-7439,lsenior5m@ovh.net,"nB9""vn7hS",2/27/2025,Harper,M,Russian
bolphert5n,989-809-1452,kostrich5n@ebay.co.uk,jE7'@ETBj#t|Y%jC,6/20/2024,Homewood,M,Rundi
lsexty5o,159-577-3146,cstrainge5o@shinystat.com,oS4)(!#LDO,12/31/2024,Shasta,M,Mongolian
jdesouza5p,760-309-4568,rhelsdon5p@elegantthemes.com,hI2#x0t{D{,2/23/2025,Bultman,M,Ndonga
fanderer5q,917-997-8021,cmckinnon5q@sitemeter.com,uS0*#x`p`,9/19/2024,Becker,F,Aragonese
rworland5r,783-284-8479,gsherme5r@howstuffworks.com,"sL9~""uh2*<5'?%",5/12/2025,Calypso,M,Corsican
sverrills5s,705-840-9964,dchong5s@timesonline.co.uk,pK2`?MGN6'3Q,5/24/2024,West,M,Albanian
erobertsen5t,658-368-6153,jtop5t@pcworld.com,uV1`vvKgkihnt,3/31/2025,Haas,F,Akan
imooney5u,767-454-1842,wmercer5u@prnewswire.com,jD6?{w5am,3/18/2025,Shelley,M,Aymara
bgave5v,625-147-3850,mduthie5v@princeton.edu,pO7!}LS|.Z>y2gW,3/4/2025,Monterey,M,Icelandic
helster5w,908-675-4816,scazin5w@ucoz.com,nB0!@Z)}hf9,4/14/2025,Oak Valley,F,Maltese
rpitceathly5x,642-528-6760,slepper5x@cmu.edu,fB3`kV(1IP3B,8/9/2024,Acker,F,Volapük
pbrayfield5y,985-907-9780,ghaps5y@hostgator.com,aD4_AD<}Vk_7T,8/24/2024,Southridge,F,Welsh
mgrubb5z,874-468-2497,wmaase5z@amazon.co.uk,rQ3=F{pj.o}lj,7/31/2024,Kinsman,M,Afar
lferrarini60,997-407-1494,gmabbot60@berkeley.edu,"wZ5""1n(Z",12/30/2024,Shopko,F,Hungarian
jglidden61,690-563-7401,dlemmers61@naver.com,nZ6.+2gJZIx,3/21/2025,Red Cloud,M,Malagasy
acurwen62,966-839-3372,rsalman62@google.co.jp,"tY1""#d51.~_6l{",8/24/2024,Buell,M,Gujarati
gohingerty63,755-299-1150,kbriddock63@newsvine.com,vO2`9|<84YY,12/20/2024,Sunnyside,M,Cornish
cferreira64,283-174-0885,fwaddie64@msu.edu,iD6=2EI~xN,9/26/2024,Vidon,M,Ojibwa
rklimko65,117-291-4055,bskedge65@kickstarter.com,"iJ8_N_&,7LPvSPO",7/11/2024,Melvin,M,Turkish
cmillmore66,429-757-6934,fbrumwell66@hp.com,"dD6~R#m0&,LW28&q",7/8/2024,Thierer,F,Kanuri
ldetoile67,284-316-9286,rtezure67@yolasite.com,"eV8#t""!YkrJ",5/3/2025,Bultman,F,Albanian
amainwaring68,120-262-2312,bgrzesiak68@a8.net,eD9/ioD8N,12/19/2024,Hollow Ridge,F,Norwegian
rcrafter69,884-535-6966,sfindley69@tripod.com,fP8<b&>G,5/7/2025,Porter,F,Guarani
hblanshard6a,516-214-9646,ablackall6a@weebly.com,qQ3<v`pSy@C,6/15/2024,Johnson,F,Faroese
kcasajuana6b,492-996-4416,nharteley6b@java.com,hT4)aO<jEk0uC/,3/17/2025,Knutson,M,Lingala
dsphinxe6c,327-704-5186,glyvon6c@github.io,"eJ4&aP7""TyVwN",1/8/2025,Bluejay,F,Armenian
acockett6d,613-814-5583,lgoublier6d@nbcnews.com,rY6<.e`Jr,11/29/2024,Cambridge,M,"Ndebele, South"
cdalston6e,866-357-6789,learland6e@dyndns.org,"sT5?a_i""Ri",11/8/2024,Chive,F,Estonian
jgreenstreet6f,424-614-6829,nburghall6f@meetup.com,qE6=P3Nv<%K8.@kD,1/14/2025,Pearson,M,Tibetan
gseligson6g,604-585-3289,jlyosik6g@state.tx.us,gX8/YMOeq|,1/9/2025,Scofield,F,Ganda
mbecke6h,697-114-5352,wkingsnode6h@washingtonpost.com,rJ0&\)6*xr5J,3/28/2025,Fairfield,F,Church Slavic
kdodle6i,583-970-4935,channabus6i@hud.gov,"jQ4""GM5wM!BVV_I",4/28/2025,Oriole,M,Hiri Motu
vblayd6j,882-168-9644,edavydochkin6j@blogs.com,pF0<es}g,12/2/2024,Del Mar,M,Haitian
lshawyer6k,171-119-3425,gwrighton6k@bizjournals.com,hL7)J3`pC<#s`,6/18/2024,Hanson,M,Uighur
acabera6l,758-734-0020,lspenton6l@drupal.org,pV1*pSAbA,2/18/2025,Crescent Oaks,M,Divehi
cdoust6m,339-841-1637,pcollingdon6m@japanpost.jp,dR0%EB#SF9KM0`H,6/24/2024,Lakewood Gardens,M,Chechen
nhake6n,717-986-2566,lmoorcraft6n@jigsy.com,"mX9+,&Yplrs9i",9/18/2024,Anhalt,F,"Ndebele, South"
bmartensen6o,194-436-1660,tcornelis6o@goo.gl,"mH5&)jL}AnM""I",7/16/2024,Anzinger,M,Herero
broft6p,988-441-2380,ncattel6p@github.com,oP5+|zzpql,5/16/2024,Bluestem,F,Wolof
abrambley6q,496-391-6372,taxel6q@github.com,uY6>{ZcDb)Z@M*X,9/20/2024,Novick,F,Croatian
achesson6r,881-137-8910,telder6r@sfgate.com,jU6|sn80Uv=G,10/27/2024,New Castle,F,"Ndebele, South"
kstapells6s,328-696-0384,bgarfoot6s@unblog.fr,mL9/t/fh0b~7>OIU,1/10/2025,Caliangt,M,Sundanese
ftebbett6t,879-447-2179,mbabington6t@ameblo.jp,pY8%g)lpnG&iy,5/17/2024,Montana,F,Javanese
twillavoys6u,887-463-9493,tfound6u@wikia.com,jS6'F%(HAR}|b~,1/25/2025,Pennsylvania,F,Ido
dmarques6v,489-793-0996,lcoarser6v@plala.or.jp,tB3(4}M}0,6/10/2024,Stone Corner,M,Croatian
dbugdale6w,785-559-4637,ngreenalf6w@infoseek.co.jp,qF9><h=.H_M\3/,10/2/2024,Sundown,F,Twi
cpartridge6x,439-990-5094,mgarratty6x@xrea.com,"xI7{TaX""w",7/12/2024,Golden Leaf,M,Panjabi
lsargeaunt6y,567-468-1547,tmatuschek6y@drupal.org,jK8@.V9!q,12/1/2024,Melvin,F,"Bokmål, Norwegian"
cguiducci6z,262-908-3423,kmaccallester6z@goodreads.com,zR2*c\N0jdn`c,10/30/2024,Atwood,F,Yiddish
asecret70,137-330-0854,rpatridge70@pen.io,uQ4*W9k#XJMz,12/30/2024,Mallard,F,Catalan
thamper71,745-409-9724,cklaes71@weather.com,cD0#Znxxf,11/3/2024,Chinook,M,Tonga (Tonga Islands)
gbarlace72,482-789-0966,pkean72@chron.com,"yD9,\IxI=F8",3/8/2025,Hayes,F,Zhuang
krugiero73,885-417-0132,aredmond73@wufoo.com,qC2+~a*d,11/18/2024,Jackson,F,Kannada
nlumm74,756-985-7923,aeyrl74@cdbaby.com,uN9@|#7}{,12/29/2024,Anthes,M,Tahitian
gmunnis75,292-745-5173,htrowbridge75@cbc.ca,zB5.N*fm0s,12/1/2024,Moose,M,Zulu
mcallery76,461-545-8291,lplumm76@weather.com,dB6=Si?2,2/28/2025,Basil,F,Basque
asproul77,977-779-6566,agoldup77@telegraph.co.uk,rK5'*#GA,12/20/2024,Donald,F,Oriya
csandall78,393-457-9931,twooler78@so-net.ne.jp,dH7|%3(mi,11/20/2024,Northridge,F,Polish
jbehnke79,244-745-9191,mabramowitz79@about.com,"vB1<x+,aRP<|p",7/1/2024,Dapin,M,Hiri Motu
cmaris7a,110-714-5285,egagen7a@chronoengine.com,"eO5,OIA'U",5/13/2025,Delladonna,M,Kinyarwanda
orubinivitz7b,131-329-5890,byouthead7b@opensource.org,"xZ8@""""|uni%M.R!v",11/22/2024,Springview,F,Latvian
cnouch7c,408-264-5431,shuburn7c@alibaba.com,fJ2~fe|88,9/24/2024,Caliangt,M,Bulgarian
achiles7d,841-932-0568,warbuckle7d@newyorker.com,qC0~aL3/,5/5/2025,Linden,M,Ewe
eveillard7e,244-525-1358,fbertomieu7e@cyberchimps.com,yJ9&w{PfJ5K'E5/,1/17/2025,Thierer,M,Malay
kbernth7f,889-842-8399,ayouhill7f@illinois.edu,tF7<ZxF#bSR{=y0_,8/12/2024,Carey,F,Marathi
egrunwald7g,448-477-6100,cpleat7g@mapquest.com,fP7&_z9v',4/20/2025,Ludington,M,Hebrew
gcrowcombe7h,741-155-7730,kyurkin7h@prnewswire.com,sA6/eYqK)ly',9/15/2024,Little Fleur,F,Gaelic
lgilliam7i,988-756-4354,adeverehunt7i@theatlantic.com,"sC9=""e\q<p01.9a",4/11/2025,Oak,M,Icelandic
kbatalini7j,922-291-3769,sbowley7j@deviantart.com,nR9<my!>n`8R>{Z,9/10/2024,Londonderry,F,Persian
rromanelli7k,923-534-8494,lbyres7k@trellian.com,jF8{kIgc6*=,9/21/2024,Lotheville,F,Kurdish
mkulic7l,393-122-1440,dreally7l@boston.com,"mA2/gs1lBtV>""",2/12/2025,Mockingbird,M,Pali
wsackler7m,718-961-7184,hgroves7m@zdnet.com,"lI9""Jqu3TQh(",12/14/2024,Reindahl,M,Cree
bcreeboe7n,970-947-9673,mpittendreigh7n@creativecommons.org,gI1&Lr5p$if,9/9/2024,1st,F,Tahitian
bgrzes7o,933-829-4921,afindlow7o@state.tx.us,"kE2,YK<L@",8/14/2024,Fairfield,M,Marshallese
cbravery7p,346-451-4001,cmusk7p@yellowbook.com,"tH1!*XJj@#D{""SB",8/22/2024,Anniversary,M,Hungarian
lskirving7q,514-736-2309,gwenzel7q@live.com,wU6{5r3S!Dt,11/27/2024,Menomonie,F,Mongolian
mpuckey7r,102-725-9519,gdugan7r@123-reg.co.uk,mM6~JD`gS@mYW>w,11/22/2024,Green Ridge,F,Malay
dingerfield7s,734-620-1254,gmarquese7s@tamu.edu,oM7>b@7\c4zWTN?,1/28/2025,Hintze,M,Indonesian
respinos7t,978-528-4896,acodner7t@cnn.com,kG4.HH\9#=uSK,7/25/2024,Dakota,F,Sundanese
eruselin7u,536-186-8250,cmaes7u@ycombinator.com,yJ7~|RmhF@'P,2/7/2025,Northland,F,Maltese
cfolkerts7v,661-376-3427,cduly7v@washingtonpost.com,mT2?K+DECSsXC<*F,1/4/2025,North,M,Fijian
apollastrone7w,482-732-3071,jericssen7w@amazon.de,tZ3)5ap9hbX6m,8/7/2024,Sugar,F,Romansh
mhalfpenny7x,474-236-2436,byokley7x@usatoday.com,"uD0>eGbeu,}6",4/9/2025,Portage,M,Manx
mhenrichsen7y,370-482-2408,abalden7y@amazonaws.com,jM1$&)\g2(LEN@}c,5/12/2025,Victoria,M,Croatian
nskylett7z,526-594-0991,vdesimoni7z@ucoz.ru,wH1.2V'ZZhi,12/1/2024,Maple Wood,F,Czech
lsalery80,679-678-5212,pduchateau80@yellowpages.com,vV2%EE{\pTuaq`k,1/25/2025,Harper,F,Bislama
fgothard81,345-546-7632,dstoggell81@skype.com,tY4$7SP{@q3o,5/24/2024,Fair Oaks,M,Serbian
jhonnicott82,655-125-0789,kbillany82@nydailynews.com,"gP7,'k(Px16D+Tv",4/4/2025,Kim,F,Turkmen
lgowrich83,517-727-2268,mkrauss83@surveymonkey.com,xX1@A5o',4/22/2025,Eagle Crest,F,Turkmen
bdunguy84,196-791-9600,ediano84@shinystat.com,xI8.~XLzS&k9h,11/24/2024,Clarendon,M,Inupiaq
lrhodef85,134-719-1487,rkennsley85@uiuc.edu,hA7*BrXKRcUL,9/16/2024,Algoma,F,Icelandic
fpetrelli86,522-250-8995,rwattisham86@ehow.com,zT2(XW.\kMeDQF,9/18/2024,Sage,M,Russian
cburtwhistle87,159-293-5329,lwhicher87@symantec.com,nS3(*{ZP(j,4/10/2025,Golf View,F,Manx
rhunston88,131-453-2166,kvasilechko88@qq.com,"gY5*M,M`",3/5/2025,Kennedy,M,Aragonese
ftothe89,688-560-4997,aclerc89@wordpress.org,"wF9}8y#25Xl,w",7/25/2024,Troy,F,Sundanese
rdellenty8a,968-280-6860,ktalmadge8a@devhub.com,nU6$)mnPVeHo,7/29/2024,Orin,F,Tigrinya
nwolfendell8b,882-446-4323,dmedlin8b@barnesandnoble.com,nZ1\uGL#,8/16/2024,Hoepker,M,Latin
lmanske8c,186-954-4601,atuffley8c@gizmodo.com,fO0.r42Uh,6/24/2024,Butternut,M,Hiri Motu
mliverock8d,955-645-5858,rhallede8d@hibu.com,"lO0%{""a,",10/9/2024,Mayfield,F,Kongo
jgauchier8e,665-554-4951,eswaisland8e@google.co.uk,eR5&N+88Sqe#c_N,4/7/2025,Old Shore,M,Afrikaans
wfrancillo8f,336-445-4417,gdemaine8f@people.com.cn,"qX1~{""NSrJ/z|",8/15/2024,Onsgard,F,Bulgarian
eiacovone8g,245-254-4381,mmessent8g@umn.edu,vK2'h1TBB/*08V,6/10/2024,Troy,M,Basque
tviveash8h,822-556-6566,ztwelvetree8h@fc2.com,xR4~#dPY/*,10/22/2024,Dawn,M,Georgian
tleed8i,315-754-2761,bbritch8i@ovh.net,uB4&r0#.UD6,7/29/2024,Linden,F,Lao
jatyeo8j,414-851-6097,fbrodnecke8j@google.co.jp,qJ7{BwQx4@PdsC,12/26/2024,Oak Valley,F,Burmese
ehruska8k,633-970-9204,bshepherd8k@imageshack.us,iE5|0y79tj,3/30/2025,Gulseth,F,Ido
ebowmen8l,542-973-9705,lcoxhead8l@globo.com,"jV5$D""eu}#|Zd",4/27/2025,Gina,M,Ganda
ccarley8m,469-122-0641,woutibridge8m@bigcartel.com,sF8.#zP6zr%,12/16/2024,Mallory,M,Burmese
cdenmead8n,798-662-7660,eolland8n@mysql.com,yT7$o+T#o+AIBz,3/24/2025,Crowley,M,Oriya
vstennett8o,794-367-7261,rmarczyk8o@furl.net,aV9_(9>vs8,9/8/2024,Lakewood,F,Italian
cmaplesden8p,667-604-4932,bbellenger8p@elpais.com,"mL2?OPMgc,a",8/1/2024,Sachs,M,Indonesian
gsyder8q,195-455-8232,tpeerman8q@tinypic.com,yO2!(8Ky{n4D>g,6/27/2024,Schlimgen,M,Venda
gconan8r,459-532-5475,ecorstorphine8r@indiatimes.com,pA6`y!n~f=_,10/27/2024,Algoma,F,Bambara
gproud8s,232-652-3694,dcresar8s@miibeian.gov.cn,rS4{.THX|E2WQT,11/12/2024,Superior,M,Hindi
ajeandel8t,369-100-7639,kfilipiak8t@lulu.com,gP3=W03K}ticOV&,2/7/2025,Dunning,F,Ossetian
zmanis8u,204-839-7362,mludlamme8u@altervista.org,dR8~oVCjn%5m,1/23/2025,Havey,F,Ossetian
mhaucke8v,569-887-0262,cmcwhorter8v@flavors.me,sS0%\)pt,10/21/2024,Golden Leaf,F,Sichuan Yi
cmusso8w,614-802-0434,cmattia8w@reuters.com,kB4%xd|i`~J&cg,5/3/2025,Debra,F,Ganda
ntabert8x,870-555-6331,trushby8x@ning.com,mJ3\fzqO,4/7/2025,Merry,F,Hebrew
pmegarry8y,977-541-2273,eosinin8y@phpbb.com,pQ9|8Uu1/NR,6/20/2024,Eastwood,M,Tigrinya
aruckert8z,409-693-6903,wjoska8z@angelfire.com,"tM8,E(CQh|JF",5/22/2024,La Follette,F,Twi
tdipietro90,833-902-7680,plippitt90@europa.eu,"aC0#a?u,RK*$REi?",7/20/2024,Kingsford,M,Mongolian
mfindlay91,247-819-0324,dhenningham91@bing.com,bY1+K_$.%(`ihT$,1/8/2025,Eastwood,F,Rundi
florenzetto92,929-207-5874,hphilippon92@wikispaces.com,"mF8.1e$AyR<l>!c""",6/16/2024,Clove,F,Polish
ngirkins93,399-405-3034,lpaschek93@sphinn.com,tF4!N2DO<(hT,10/27/2024,International,F,Basque
vrowan94,295-337-7636,aluxmoore94@flavors.me,dC9&Mzwj893Y=B|i,6/6/2024,Delaware,M,Shona
zsabbatier95,294-644-4594,oblumsom95@cornell.edu,aY2}P`I`|,3/14/2025,Kropf,F,Chinese
mschoolfield96,907-699-6626,nwhitton96@altervista.org,vQ5|Rd!iv,4/6/2025,Commercial,F,Volapük
elamplugh97,166-436-7015,mmessenbird97@a8.net,wV8@8vjG,7/15/2024,Kenwood,M,Nepali
oluttger98,622-685-6805,mbygraves98@opensource.org,sA2(=>MslR.hC2g+,5/17/2024,Clove,M,Chinese
ebodocs99,835-275-4878,pgraundisson99@army.mil,iX9#S0m1r'tJ6,12/24/2024,Bartillon,M,Thai
jwilkin9a,405-203-5121,bholsall9a@wikimedia.org,sC9|hN\mm>FUYD,2/4/2025,Duke,F,Thai
ssurgenor9b,936-922-2718,hduester9b@cyberchimps.com,rZ7/=FjJRVAom,6/6/2024,Menomonie,F,Tigrinya
mswadlen9c,727-655-6855,jcouve9c@qq.com,yC1_Dlq6,7/16/2024,Paget,F,Azerbaijani
mriolfi9d,194-217-9198,agleasane9d@uiuc.edu,cW3.P26%Mw1?vo3,1/3/2025,Oriole,M,Chinese
abolan9e,265-498-1793,gfoucard9e@delicious.com,"aL4,ZhsB&<1&$*m",6/28/2024,Corscot,M,Kirghiz
ldallander9f,157-861-8350,morknay9f@amazon.de,wQ0@?1=\Z9,6/20/2024,Independence,F,Arabic
azielinski9g,897-384-8187,bdelasalle9g@163.com,uS6{~6e/df1=yQ,9/4/2024,Hansons,F,Norwegian Nynorsk
fshailer9h,175-662-5824,eslate9h@virginia.edu,"yL5?""7ym",3/13/2025,Daystar,M,Ossetian
schatelet9i,978-639-4221,rcodlin9i@alibaba.com,yM1}z1_c\PL5PTF,3/26/2025,Crownhardt,M,Ossetian
rmortel9j,875-477-0712,jtregea9j@topsy.com,bP4=erwgCCSv5,3/13/2025,Kenwood,F,Swahili
kvokes9k,290-930-0906,sslaney9k@multiply.com,jW2{n#F7'wk1koL,4/24/2025,Golf,F,Tagalog
rcowdray9l,455-909-5287,glakin9l@purevolume.com,uK7)v>pkG,6/19/2024,Arapahoe,M,Kalaallisut
ebowring9m,920-731-4523,vronnay9m@dailymail.co.uk,lH7@LaAQ0XtFI,7/21/2024,Maywood,F,Polish
gcafe9n,315-120-8125,mfontaine9n@prweb.com,pA6&qULp4+Wq!Ve,12/1/2024,Warner,F,Burmese
cspacie9o,294-523-0400,tquimby9o@answers.com,"qE0$,qqX7",7/5/2024,Carioca,M,Gujarati
dkardosstowe9p,281-878-6904,cwalkden9p@buzzfeed.com,eK5.4Bd<,8/21/2024,Veith,M,Slovak
wfulford9q,390-922-8813,imccoll9q@sakura.ne.jp,uE5&iL0>,12/31/2024,South,F,Kikuyu
psheer9r,320-879-5734,mcraydon9r@barnesandnoble.com,"xX7<y<c*!g{Dc""P",9/27/2024,Meadow Valley,F,Tahitian
facom9s,377-197-5376,tyankishin9s@intel.com,hY8@b6)YdWi,1/8/2025,Stuart,F,Tibetan
keddies9t,892-532-0320,jstading9t@theguardian.com,tO3'GLK3%,12/2/2024,Onsgard,M,Zulu
apioch9u,905-907-7856,fcarlyon9u@wikia.com,lB1~a=vH,4/8/2025,Elgar,F,Church Slavic
asimao9v,342-624-1661,wdecreuze9v@biglobe.ne.jp,sZ7@a0v31p%5e,12/17/2024,Dapin,M,Samoan
tmclaughlin9w,736-316-4067,ccherrie9w@cornell.edu,"uS7@C8xZ+,BOGb?",6/26/2024,Roth,F,Burmese
iverrechia9x,486-801-5267,stall9x@chicagotribune.com,dX9@|@~Ks'vu/,7/17/2024,Aberg,M,Javanese
dmcginney9y,843-358-1412,mmcmoyer9y@google.com.au,sI9)$#MPiT,7/22/2024,Elka,F,"Ndebele, South"
rsushams9z,517-182-6070,ecarlos9z@sbwire.com,hA8(?.o{aJH_~$l1,8/13/2024,Independence,F,Venda
fpeirsona0,215-656-2228,mezelea0@nps.gov,jW2'Xa.l,7/22/2024,Westridge,F,Tonga (Tonga Islands)
emorefielda1,347-825-9178,clynessa1@whitehouse.gov,gK2{=O$*Xu,11/11/2024,Butterfield,F,Ojibwa
cleperea2,879-753-2423,sburstona2@mapquest.com,mQ9(5.Ib\/.3y<c,10/21/2024,Sauthoff,M,Sinhala
kmorota3,251-391-6988,hquinanea3@nationalgeographic.com,"iE8""""pf>Zzv\3E",5/25/2024,Green Ridge,M,Burmese
rcastella4,311-269-1932,cmercya4@umn.edu,uC5$U{`4,2/18/2025,Gerald,M,Samoan
kacklandsa5,959-993-5760,hfellneea5@ucoz.ru,iY9@TbCP7&Tw%nB,5/15/2024,Little Fleur,M,Gujarati
cjakubovitcha6,968-704-0493,cellesa6@icio.us,mQ5(t8Il\ln,2/23/2025,Columbus,F,Mongolian
aloftiea7,987-677-5450,clebarreea7@cbslocal.com,qD1`0`Y{CQ.,10/10/2024,Scott,F,Romanian
sroyala8,957-290-4617,mleaheya8@scientificamerican.com,gI4!MnDO$@A,7/25/2024,Moose,M,Estonian
chorsteada9,906-622-1858,jaldingtona9@mit.edu,"xH3,z'WkK0",8/6/2024,Clemons,F,Urdu
xballaa,633-455-4976,adillestonaa@chron.com,qM7{2r)&OTE>,1/9/2025,Oak,F,Marshallese
htymab,937-610-5636,dmiskab@ibm.com,pJ2|jzUjFn@_hOQ,5/16/2024,Columbus,F,Nepali
scordeauac,666-178-5493,smckintyac@tuttocitta.it,hY6{JG7OE,4/25/2025,Grover,M,Hebrew
xinworthad,821-116-4329,dlatchad@skype.com,kK6\(*\ALK6c,3/15/2025,Mccormick,F,Pali
cscrancherae,654-937-0119,cgooddingae@scientificamerican.com,"eE7""\`{dl8W9c}G",11/30/2024,Beilfuss,M,Galician
djozsikaaf,688-523-9108,ctinniswoodaf@go.com,bH5@1drh&iI,9/8/2024,Center,F,Quechua
pplowesag,909-966-3926,woleninag@ycombinator.com,sW0)Zmy0,5/23/2024,Comanche,M,"Ndebele, North"
cshilburneah,952-894-9619,hwrathmallah@wired.com,bZ4'&7Xq0XhOB(%V,10/17/2024,John Wall,M,Tigrinya
nmullanyai,358-888-5359,sscranneyai@issuu.com,jT3>ISezNm,2/14/2025,4th,F,Fijian
dschofieldaj,931-303-5480,hcasadoaj@oracle.com,lG8&~pW2!y>7,4/15/2025,Havey,M,Portuguese
fmcconachieak,869-772-6689,pmiddenak@nydailynews.com,"oC4(,!lDl>",5/30/2024,Upham,F,Amharic
bclohessyal,673-923-7719,rkillingbeckal@vistaprint.com,oO5?.4E`sWI>G|K,9/1/2024,Buhler,F,Czech
mubanksam,506-601-5908,vboffeyam@delicious.com,xV3%0go}$j!@P,11/19/2024,3rd,M,Malagasy
hgreenroydan,135-449-1189,epurseyan@tripod.com,pB2>zvpf,11/5/2024,Spohn,F,Russian
gcerroao,539-568-5038,acraykeao@go.com,"gN2#`YF,",10/20/2024,Tennyson,M,Maori
asnarieap,181-944-0811,rmcalroyap@wikimedia.org,uA8)6QWC.2QzA+t',12/28/2024,Waubesa,M,Telugu
kpeddieaq,891-580-3202,mbrinkmanaq@admin.ch,vX5}kE%!3,10/18/2024,Mayer,M,Luba-Katanga
nmccunnar,574-122-2182,colekar@shinystat.com,"yB4?qYNX""kG/2_",6/21/2024,Bartillon,F,Hebrew
wmacshirieas,175-826-0322,emorseyas@economist.com,fN7|%ds%2>7,8/25/2024,Valley Edge,M,Latvian
wdudmarshat,214-573-2402,jvickersat@ca.gov,vY8+n1&+XS,4/12/2025,Debs,F,Ossetian
isherbourneau,737-506-1526,mguirauau@creativecommons.org,"dJ0""a""y""%D{Bkmi",4/24/2025,Kedzie,M,Kazakh
rhighmanav,269-906-5929,imaudsleyav@ox.ac.uk,uJ2\>&}Xw+(*,1/4/2025,Bunting,M,Luxembourgish
bbenbowaw,492-535-3383,gscirmanaw@smugmug.com,"oI7,HP/X*+V&vMJ",5/6/2025,Redwing,F,Somali
epursehouseax,638-774-4480,ugurnayax@imageshack.us,nT9'=A27X`hx$,11/12/2024,Westend,M,Marathi
acabraraay,843-982-6184,hjantelay@ehow.com,pT7}G~V*~o,9/8/2024,Hagan,M,Maltese
jtarteaz,371-292-4266,vtynewellaz@zdnet.com,nN6|#39%,5/11/2025,Manley,F,"Ndebele, North"
dmacsorleyb0,346-371-0275,nbeelbyb0@diigo.com,"vT1""O~U?9""s&",10/1/2024,Maywood,F,Panjabi
igrimwadeb1,824-688-9375,rlarcierb1@amazon.de,kG7|Em=L,7/3/2024,Butterfield,M,Kazakh
kmurrillb2,685-858-5439,kmellonb2@java.com,wW2$y7X3+vaCb,1/20/2025,Stuart,M,Tonga (Tonga Islands)
aemerb3,209-346-5722,sroubyb3@ow.ly,"zB6""s6XsTqXn/Ob",11/21/2024,Oneill,F,Rundi
cchongb4,641-232-9531,pcourtesb4@ask.com,"kJ1,wU<u8PxB&p}$",1/22/2025,Lien,F,Macedonian
hbrislanb5,946-335-5311,jberntssenb5@microsoft.com,"aG1=f+x?VSQ,Mnz",1/13/2025,Main,F,Maltese
aboribalb6,936-151-5122,rlidgardb6@jimdo.com,cQ7\&4LG12k6sxTu,4/5/2025,Hoepker,M,Sichuan Yi
tffordeb7,108-141-8336,ccrangleb7@networkadvertising.org,jZ1\cR/_XHIZxH,11/9/2024,Fulton,M,Kurdish
edaulbyb8,432-677-4848,jlebarreb8@cdc.gov,fC8{tq$gSx'Tso,6/24/2024,Crescent Oaks,M,Welsh
smaciasb9,115-813-2644,kbollenb9@blinklist.com,"sS9%G&fFL)Cj""p!I",5/19/2024,Shasta,F,Zhuang
rbruckentalba,995-992-6862,shiseba@creativecommons.org,fO8|!*m97R`W,11/16/2024,Novick,M,Chuvash
cinsullbb,152-918-7773,dmaddickbb@ezinearticles.com,dD8>IK>Qp%,12/21/2024,3rd,M,Ndonga
rgoodnowbc,760-355-5630,kocuolahanbc@netvibes.com,mI6=zJ'kMV2w!7,8/28/2024,Prairie Rose,F,Irish
apassionbd,306-777-0698,ballistonbd@pinterest.com,cS3)2Cfo=.jAgo(,12/29/2024,Alpine,M,Marshallese
eagnewbe,638-258-4153,gsparrowebe@friendfeed.com,wM8>mka}z/,11/13/2024,Pine View,M,Javanese
sstairbf,306-550-2679,mshoemarkbf@yelp.com,lW1(Jdeu,6/1/2024,Melby,F,Oriya
whearebg,168-460-5493,hmacgrathbg@taobao.com,zO5@~W2CD/Kv(N,7/12/2024,Bonner,M,Lingala
kchildesbh,416-808-9660,akilfeatherbh@scientificamerican.com,gA9&I#`kV,4/12/2025,Continental,M,Kirghiz
skittleybi,609-470-2115,ecannbi@tripadvisor.com,gU8!zQkOC,4/10/2025,Fallview,M,Swedish
hsharlandbj,446-189-8556,kmourgebj@elpais.com,vY4#HnXK,10/26/2024,Southridge,F,Kirghiz
rmithunbk,585-307-7360,hyurasovbk@noaa.gov,vG2|ssI!qq2DmtW?,9/11/2024,Maple Wood,M,Church Slavic
jzannellibl,434-956-9326,rwintbl@mysql.com,rF0#x?!6N2k>,11/28/2024,Westridge,M,Abkhazian
fsaxbybm,878-745-4458,gshermanbm@hostgator.com,dG1>w}a!bnL6JI98,10/23/2024,Nelson,F,Persian
iatkinsonbn,888-471-5404,jchastelainbn@twitpic.com,wZ3=&&g$|MozITk,1/9/2025,Maple Wood,F,Irish
cmaxweellbo,154-291-5656,dsherwenbo@weebly.com,sH0@A3Z05X%,2/20/2025,Weeping Birch,F,Samoan
sheigoldbp,959-791-0432,tneadsbp@ihg.com,lQ8+\)(.r#SHc,3/3/2025,Nelson,F,Sinhala
wbaxstairbq,430-809-2212,jbruhnbq@shop-pro.jp,zR8)R(uk,12/5/2024,Bunting,F,Kongo
jredfearnbr,559-877-0004,danderlbr@goodreads.com,sK7)O_a`,5/15/2024,Bowman,F,Icelandic
amcardbs,762-346-1577,nwaterhowsebs@chron.com,"tU0,,i9_x",11/29/2024,Butternut,F,Russian
handrewsbt,876-288-1864,tdaouzebt@prnewswire.com,sY9`Oor`v,2/18/2025,Toban,F,Hiri Motu
felliotbu,807-214-5823,maxtonnebu@ed.gov,"uM8.olUAL""%",1/12/2025,Moose,M,Oromo
grivelonbv,277-657-3978,ltruterbv@printfriendly.com,lH3.g+`&OIP1+E4,4/7/2025,Roxbury,F,Nauru
okelemenbw,399-289-9538,mposkittbw@fastcompany.com,kF8.ibR.Wl%?CM,2/3/2025,Mosinee,F,Tswana
kclossbx,453-806-7622,cantonescubx@webnode.com,pU3{*cGAD5,1/16/2025,Jana,F,Kalaallisut
jduffby,792-416-1666,qcoeyby@phpbb.com,dL6>$Dhpj/J.(QKq,6/3/2024,2nd,M,Serbian
hfriedmanbz,727-734-4027,eshimwellbz@is.gd,dE5.%Ez*)cKX{,6/13/2024,Jenifer,F,Gaelic
ahuckettc0,556-270-1831,khemberc0@forbes.com,kP5=R%jIyo)zM,10/16/2024,Farwell,M,Assamese
eservicec1,398-401-4793,dalyutinc1@soup.io,pO1$MQ6~=QqD$b$,8/18/2024,Anderson,M,Church Slavic
dcuddec2,426-383-5091,tallewellc2@canalblog.com,rK4\)&+NH&}3g,8/4/2024,Grim,M,Tigrinya
fwitheringtonc3,454-167-3744,dbiasionic3@tuttocitta.it,"hG4\eCs%""",12/11/2024,Lakewood Gardens,M,Faroese
rtweedellc4,391-840-0611,sbecksonc4@ezinearticles.com,"iH6,'p{9d|kH",3/16/2025,Leroy,F,Divehi
epresdiec5,201-315-1137,maldrichc5@google.ru,uQ2=`VGD`,6/26/2024,Pawling,F,Dutch
lstockeyc6,512-970-7283,clabrumc6@umn.edu,jM7`oc{%q.=%,10/1/2024,New Castle,F,Slovak
fgiovannazzic7,392-389-4335,jmorriartyc7@umich.edu,vG7{J{M/&*,11/19/2024,Mallard,M,Ossetian
ascotchbrookc8,458-610-5882,nmacterlaghc8@techcrunch.com,"qG2&1e@9#,{X*XW",9/27/2024,Holmberg,F,Avestan
cshoebottomc9,346-602-0858,vhewinsc9@virginia.edu,qR6%Q(jyVE~h\3G=,1/15/2025,Derek,M,Georgian
rschwandnerca,924-649-8588,marchellca@imgur.com,"hX5}((2mhcP""1HO",12/2/2024,Monterey,M,Limburgan
zsydescb,659-594-5417,qmcilwraithcb@ning.com,gA5>3<kU,4/20/2025,Holy Cross,M,Yiddish
cfinlrycc,476-701-9529,jfessiercc@sina.com.cn,bN3$k've6uJ!,5/19/2024,Monica,F,Hebrew
cohanleycd,387-200-9578,gewlescd@mtv.com,jR2%Uo4f,10/1/2024,Fulton,M,Tibetan
bsnowdonce,933-285-0129,mruskce@about.me,iW8!5jv3Jq\>U62G,12/22/2024,Loomis,M,Ossetian
smaloneycf,361-837-5714,kgregoratticf@cafepress.com,sS9<q@s'U,12/17/2024,Judy,M,Sichuan Yi
phughlockcg,644-215-7479,hbostockcg@businessweek.com,zP0(3DDJBD,4/3/2025,North,M,French
cfisbeych,858-801-4351,tdifrancecshich@washington.edu,iS5\%FwPiWa27&#P,11/30/2024,Bluestem,F,Nepali
cinglisci,878-156-0700,ddallywaterci@webs.com,jV5%uNNeV,3/2/2025,Onsgard,M,Tatar
mmcilvoraycj,848-661-8461,mcarberrycj@issuu.com,"eC1""&}z3",3/8/2025,Anthes,F,Lingala
bmapotherck,262-964-7461,plileyck@free.fr,fP1`!Jq+ik>zxq7,11/8/2024,Amoth,M,Italian
eforsoncl,504-628-6434,nabrahmcl@jugem.jp,eQ0<kgLsFnxS~,8/22/2024,Vernon,F,Gujarati
ahuffacm,302-905-5976,pchominskicm@china.com.cn,zY2(g.V5rQO?,10/19/2024,Clarendon,F,Armenian
gpostianscn,222-609-9954,gdaxcn@nydailynews.com,eL8?f63o,11/29/2024,Gulseth,F,Church Slavic
mseabrookeco,345-557-4633,coxtibyco@ifeng.com,qQ8}\Wl?WQ7>k,8/12/2024,Harper,F,Akan
djohanchoncp,996-743-8670,ayakunincp@gov.uk,hV8/N{2Ku|,7/12/2024,Armistice,F,Twi
hmerittcq,109-904-8707,dgouinlockcq@godaddy.com,xS1}!MJNsU,12/13/2024,Harbort,M,Somali
rgiralcr,794-976-8875,jdaddacr@creativecommons.org,xT7`?8aakmP,9/20/2024,Stuart,F,Irish
vdongallcs,836-335-5939,jknathcs@ucla.edu,"jF4(1'N,",5/4/2025,6th,F,Tajik
lrillstonect,352-264-0653,zsilcockct@dropbox.com,fU3_/P\M4A/,9/3/2024,Farragut,M,Maltese
bsaltercu,509-745-5693,jsteerscu@ed.gov,eB2?EmR&+O,2/6/2025,Towne,M,Bislama
ynevillcv,507-623-2162,mdearsleycv@admin.ch,zN1!b(IYa,5/9/2025,Cambridge,F,Inupiaq
glinstercw,570-543-6702,dgoathropcw@dmoz.org,"mG9*jB""_H'+hN",1/22/2025,Brown,F,Arabic
lhastewellcx,373-198-6610,hantoniottiicx@biglobe.ne.jp,"rG6<l&rB""z#FN",9/3/2024,Petterle,M,Herero
jgagincy,748-151-2784,edellenbrokcy@ucsd.edu,oA2&T6vm)1'x,1/16/2025,Independence,M,Dzongkha
gkinigcz,292-359-7673,tbaudiccz@blogger.com,hR6#MijXp/alzMh,8/19/2024,Emmet,M,Central Khmer
cneated0,494-407-1238,pflintd0@blogtalkradio.com,"jA4*+#B8,",7/10/2024,Independence,F,Corsican
mbaynamd1,672-604-1876,ltidmand1@yahoo.com,nH4_B7m*'V,9/27/2024,Bluejay,F,Georgian
slawried2,351-578-2478,bdangld2@mapy.cz,lE7}4A&#}k,2/1/2025,Continental,M,Breton
amaestrod3,795-548-1770,fknowldend3@spotify.com,"zX2\k,NT>Fv'$",4/25/2025,John Wall,M,Avaric
lohanveyd4,395-340-7955,kspeedind4@a8.net,pM3>bv3IDJ4PVF,2/11/2025,Eagan,F,Ganda
abeatensd5,685-940-6346,lkisbeed5@linkedin.com,zJ6!}@~j1E=l.S,3/24/2025,Cambridge,M,Sardinian
hbeatend6,479-300-0017,bchristiensend6@yahoo.co.jp,kD8.ypz{%8<m+Bq,11/10/2024,Daystar,F,Esperanto
cfieldend7,413-784-7107,lleesond7@quantcast.com,lI6?hWs?,3/5/2025,Marquette,M,Sango
croyald8,784-673-8172,gbassanod8@jugem.jp,tQ0!~Rqn\,5/4/2025,Bluejay,M,Gaelic
anussd9,928-592-3024,jmarjoramd9@fema.gov,uE3.Ib..@<E{Y4M@,9/17/2024,Hovde,F,Azerbaijani
liddisonda,876-867-1931,tmontezda@irs.gov,"aQ4}VnRzgI>8%,Y",1/12/2025,Hauk,M,Kongo
nmcgoondb,536-199-7596,fszymanzykdb@mozilla.com,nL4'`?7SLH2RCR1y,1/21/2025,Eagle Crest,M,Walloon
jadshededc,139-438-1655,zfernleydc@webnode.com,sG5`Sz6Sh=l,3/31/2025,Crowley,F,Interlingua (International Auxiliary Language Association)
aslayforddd,929-193-5167,ccraigmyledd@g.co,cZ6&JFdL|SRBF,12/15/2024,Truax,M,Northern Sami
bmussottide,592-913-1190,fpunchardde@google.de,fK8*pQTAD,12/28/2024,South,F,Xhosa
azmitrukdf,911-694-2609,tmcclochdf@webmd.com,cQ7!'xM{oSbl2q,9/23/2024,Dapin,M,Oromo
dsavildg,283-997-6398,cjollyedg@fc2.com,xX2}gQ'6!,4/27/2025,Russell,M,Avaric
csucklingdh,379-894-9587,pmedleydh@reverbnation.com,"sI8`+""8!t?VZ",5/30/2024,Corscot,F,Marathi
mspouredi,862-154-7034,nnearsdi@apache.org,qA7%uh985m$ReU,7/1/2024,Westridge,M,Lao
jmatzeldj,631-817-4227,gstearnesdj@blogtalkradio.com,lP4{b7+d//ofJMN,1/17/2025,Springs,F,Hungarian
bpearseydk,251-127-8675,bellickdk@qq.com,aI1`h+7=MN_,9/23/2024,Algoma,M,Tatar
oblackneydl,605-928-4528,dkuresdl@com.com,"bP7!POhz'Bw,cO5j",10/23/2024,Center,F,Haitian
bklemkedm,608-537-0399,lchenerydm@ask.com,"wF3!pkxcJ&i,",9/10/2024,Mendota,M,English
pflowittdn,265-977-1925,cferydn@cafepress.com,yC9$Eed@q85,6/23/2024,Mitchell,F,Russian
fbonddo,317-343-4941,dbrennanddo@buzzfeed.com,"qW3~""g,RO*Q08",2/12/2025,Village Green,M,Gaelic
npettetdp,390-548-3530,hfullerddp@163.com,rP6+.y&v&,5/16/2024,Walton,F,Breton
kmcnallydq,318-899-1766,stookilldq@squarespace.com,zL0#3.>}3xZ(J+&,10/7/2024,Alpine,F,Italian
rwinkledr,893-417-7375,agifkinsdr@china.com.cn,"bZ2#tXgJ""h~%(0Y",12/20/2024,Emmet,F,French
ckeuntjeds,502-901-0905,mbulleynds@alexa.com,nF6_w5'Mjf'C,2/24/2025,Myrtle,F,Sardinian
mgobourndt,708-941-8137,ropydt@oakley.com,uS4\!x%IQnF\YA,8/17/2024,Glacier Hill,M,Afrikaans
estoacleydu,291-153-4965,pgrassettdu@auda.org.au,gN7}Lh`xSdU0d,12/26/2024,Daystar,F,Marshallese
cbeaumandv,756-280-9184,nmcgarrahandv@godaddy.com,mU0.vq4b2\,4/15/2025,Autumn Leaf,M,Serbian
lbrownhilldw,345-767-3441,scosseydw@npr.org,zH1@Pd>p,10/29/2024,Parkside,M,Hiri Motu
oronischdx,822-617-7568,kwestmoredx@technorati.com,"cK3>5J<RK,cuW",3/25/2025,Florence,M,Samoan
lriddalldy,659-528-9473,ogebbdy@cdc.gov,nN5+EYe)'L2,2/8/2025,3rd,M,Occitan (post 1500)
omenloedz,688-518-5001,afransonidz@wordpress.com,qH0%/Iz<,11/3/2024,David,M,Herero
craltone0,243-748-2675,jmaxstede0@indiegogo.com,eB4(2epf,5/12/2025,Sutherland,M,Georgian
rscopese1,933-565-2900,vchaddertone1@printfriendly.com,pJ6&=A%gLgPL+,8/11/2024,Morning,M,Gujarati
cfurmengere2,595-226-1106,hnewalle2@trellian.com,xM1<.K2twplN4P6,12/10/2024,Loftsgordon,M,Marshallese
vgeorgeote3,633-507-2156,hcutteridgee3@people.com.cn,aJ3|!M7m,3/14/2025,Spenser,F,Zhuang
rbowgene4,407-942-4806,rboughtflowere4@networkadvertising.org,uA7}b%bKG{,9/1/2024,Pawling,M,Macedonian
nhambere5,408-296-5770,mfarquharsone5@engadget.com,hW9=RY2LYW~`z&=,5/23/2024,Eagle Crest,F,Gaelic
pkobae6,142-318-7295,tshirrelle6@youtube.com,aT2.Sj01.lE'LRk',1/10/2025,Oxford,F,Church Slavic
cthompsette7,102-607-5655,bstrowthere7@so-net.ne.jp,"jO4?cFxl\Q,&1g",5/23/2024,8th,F,Gaelic
eduffere8,766-490-7823,mitzcovichche8@feedburner.com,hW0{Yv3*>Z,5/10/2025,Hauk,M,Nepali
kyewdalee9,358-809-2205,sblasonie9@drupal.org,oQ4<OSU!5%Bx,3/25/2025,Shoshone,F,Gaelic
dgodfrayea,896-216-9637,shubbardea@bing.com,hH5+NiwQ0,2/26/2025,Holy Cross,F,Oriya
mjanningseb,801-646-8734,tpetrosianeb@wikipedia.org,"wN8|duTKP""",11/14/2024,Packers,F,Fijian
ddemarsec,247-199-3294,ltoppesec@narod.ru,"cB3@0,n6@<",12/10/2024,Hayes,F,Dzongkha
lwoolensed,417-563-3778,mboaked@i2i.jp,"lQ9,)X\L0A",12/14/2024,Lakewood Gardens,F,Finnish
cgaveyee,336-232-7486,aguilloneauee@yahoo.com,iE7`I/wE#E,12/5/2024,Artisan,M,Welsh
cdroghanef,871-526-9389,branvoiseef@nhs.uk,"cF0~LK,v,c|}S*",1/27/2025,Ryan,F,Luba-Katanga
lbleweg,242-564-0199,nlaxoneg@alibaba.com,oC9(j~.grqx\yg,2/24/2025,Brickson Park,M,Luba-Katanga
gcumberlandeh,281-371-4322,atarborneh@networkadvertising.org,"fE5,I>5?o",10/3/2024,Sauthoff,F,Panjabi
aprattonei,963-975-6073,aklaggeei@dedecms.com,wZ6!G_@`c*g,11/20/2024,Hollow Ridge,M,Russian
aeverixej,243-427-9422,fstoffersenej@istockphoto.com,oG3`>pj+?_,5/30/2024,Rieder,F,Panjabi
bdelaceyek,280-228-9843,cturbanek@jugem.jp,dZ3_=..teQ%FA>,10/12/2024,Bunting,M,Sinhala
telmerel,711-849-5519,bjeynesel@homestead.com,zK2/}gud|Q,2/2/2025,Waywood,F,Dzongkha
plepineem,795-466-1451,flancettem@webs.com,"lP6?%9+7v!{P`9""",6/2/2024,Eagle Crest,F,Bulgarian
lmckeatingen,676-998-0655,tdangerfielden@mozilla.org,uP3_rF|+s#e`,11/1/2024,Hansons,F,Galician
aknowleseo,710-179-1856,rmacdwyereo@cam.ac.uk,dK7?P@YQdy~mn,10/9/2024,Prairie Rose,M,Malay
abartolomaep,197-724-0340,ktrowlerep@seesaa.net,"hI2`,(E4t{F9MPGm",7/30/2024,Grover,F,Uzbek
msalomoneq,382-636-5029,gtaconeq@engadget.com,yA5%'Lly0,9/16/2024,Armistice,F,Armenian
harundeler,928-909-2608,mhalpineer@google.com.hk,kV7\1)KM_*o,8/14/2024,Melody,F,Maori
jpurseres,401-570-6980,mgannawayes@mayoclinic.com,"lM2=+fmR,P",10/5/2024,6th,F,Azerbaijani
chorryet,639-147-8153,lshaftoet@yellowpages.com,"wU2'5@73Z""dR",12/25/2024,Paget,M,Mongolian
bsabattiereu,349-147-6304,gcasillaseu@businessweek.com,"oM0""(*e(3""E|",8/5/2024,Forest Dale,F,Marshallese
mforlongev,150-178-8112,egreenhillev@de.vu,sY1`8hZiVzk%,2/5/2025,Manufacturers,M,Zulu
pvanettiew,551-387-5752,jhegdonneew@baidu.com,oE9$U'iv1,6/27/2024,Vidon,M,Chuvash
mshrieveex,161-363-1913,slambournex@utexas.edu,bJ3?L6\b,9/4/2024,Muir,M,Polish
nhagertyey,883-228-7062,svanniniey@epa.gov,bC6<NY51,8/3/2024,Mesta,M,Swedish
eramelez,474-399-5107,isiviterez@ask.com,"tR0{fEfCi,BQq",11/19/2024,Declaration,M,Sanskrit
xcromlyf0,388-141-5516,wbentonf0@google.cn,gF1}`'O?,3/7/2025,Westerfield,F,French
lrutherforthf1,639-677-6403,clambaf1@usatoday.com,gT9}fQE#w,9/1/2024,2nd,M,Bislama
olubef2,677-511-1636,jskrinesf2@nih.gov,"zO2""ZQ1clZ$x",10/31/2024,Stephen,F,English
hgoodyerf3,810-937-8477,tballingalf3@theatlantic.com,sZ4%_U@I%g9N,7/13/2024,Pearson,F,Panjabi
kmccombef4,114-552-2732,beppsonf4@bandcamp.com,mJ6==J{)XSu$2=4,9/17/2024,Gateway,M,Malay
aloftingf5,996-467-2500,bmenuref5@hud.gov,tJ7!tkw5gF,3/26/2025,Valley Edge,M,"Bokmål, Norwegian"
shiornf6,651-409-2499,hoakeshottf6@noaa.gov,"bL5""w4xiwa",4/17/2025,Red Cloud,M,Breton
dstaubynf7,231-918-8406,bwaddellf7@tamu.edu,jM2}jbAzJTo6$8P,11/14/2024,Lakewood Gardens,M,Mongolian
rmaplethorpf8,566-278-5962,mmalbyf8@guardian.co.uk,gB0{+6.D,11/24/2024,Nobel,F,Tagalog
dluddyf9,285-352-9202,creadmanf9@columbia.edu,dM2'zB#j~lTc2,12/11/2024,Northview,F,Herero
arobilartfa,463-883-9533,gtattershallfa@ocn.ne.jp,gU5#1z+?iE,1/2/2025,Anzinger,M,Lao
rmcmenamyfb,572-607-8896,gbeddinghamfb@tripadvisor.com,qH1{+dVGd,9/26/2024,Hudson,M,Tonga (Tonga Islands)
tsummersbyfc,709-764-3531,dnylesfc@aboutads.info,sO9{#q&\`/xeq,3/20/2025,Vernon,M,Kongo
knewlovefd,896-513-8771,mmerrienfd@usnews.com,"zG9?Hxf(',!8C4!",2/19/2025,Lillian,F,Limburgan
lbonifaziofe,126-422-7412,cruiltonfe@feedburner.com,tQ9?%}m)Z,12/20/2024,Rusk,F,Bashkir
hblanchetff,550-765-3557,fjankoff@clickbank.net,iW1)mTHRh8bM,1/16/2025,Di Loreto,M,Oriya
cochiltreefg,917-840-6518,skanefg@vkontakte.ru,"dZ6*""?sH2=xi*0",4/21/2025,Kings,M,Assamese
ldanielssonfh,549-501-2092,kwalkowskifh@seattletimes.com,"sL4{eD|,kaP$9BrU",4/30/2025,Lukken,M,Tswana
bschollarfi,458-506-0109,tdallaghanfi@blogspot.com,mA3\{&ekT,5/15/2024,Blackbird,F,Tagalog
dburnetfj,847-182-5414,dgiacominifj@harvard.edu,xB2|<ymqM!7Ygl,11/1/2024,Steensland,M,Malay
tburgettfk,188-542-9033,ldukelowfk@vimeo.com,yE4`1W\JdJxJm_,12/24/2024,Sundown,M,Serbian
gbaudefl,471-642-4609,rbaynsfl@squarespace.com,eD7#+g*SX,9/16/2024,Monica,M,Chechen
igeekiefm,134-929-9769,mamphlettfm@homestead.com,kG2~\uWE%3XL},8/29/2024,Welch,F,Hausa
ctugmanfn,945-271-6218,alabrenzfn@nymag.com,gM9'vPwtC$Y9QOS,10/22/2024,Eagan,M,Volapük
mfliegefo,279-690-3180,ajosefsfo@4shared.com,gM9.r?rm?4,5/20/2024,Briar Crest,M,Esperanto
tguerrinfp,152-865-4560,wgrunwallfp@vinaora.com,rS9&24Cmr'#ouRh/,11/9/2024,Crest Line,M,Ganda
lbreukelmanfq,223-497-3604,cgisbyfq@bravesites.com,"qB7""~F5WO1Wnnq=",10/14/2024,Anzinger,F,Uzbek
pbarensefr,789-648-1105,rconcklinfr@github.com,xH8.w>EImS$?}X*Q,3/24/2025,Dottie,F,Samoan
tcalwayfs,160-227-1509,apostlesfs@booking.com,tP1'b1T5}y,9/30/2024,Sauthoff,M,Malagasy
eparkmanft,153-300-2711,jpolleyft@jimdo.com,mY7@FYT@M?in?'g,5/22/2024,Green Ridge,M,Sichuan Yi
vmeefu,648-669-8886,byurkovfu@multiply.com,"lV9="">R/+A",11/23/2024,Pleasure,M,Kongo
hstonebanksfv,976-968-2822,vthorogoodfv@a8.net,kO9~{n82eIa,5/30/2024,Mosinee,M,Afrikaans
jbonsallfw,958-757-3011,cstuffinsfw@blog.com,sF4='r=G,1/4/2025,Becker,F,Inuktitut
gbaudichonfx,416-611-5548,jviversfx@bbb.org,hD8`aH+aOF*,6/26/2024,3rd,F,Twi
tmaccambridgefy,412-177-0459,achristolfy@auda.org.au,kJ2$~d%\Al_N41,8/17/2024,Magdeline,F,Tsonga
cmcgroartyfz,483-841-6938,owheelerfz@topsy.com,pA3/gUqDTF$_BY,4/23/2025,West,M,Belarusian
dmacclanceyg0,521-123-9943,rcampleng0@gravatar.com,wA3@rkZ}DX~b,11/22/2024,Valley Edge,F,Macedonian
rsheachg1,667-706-3035,ksamsonseng1@home.pl,hX6\d80<8q,5/27/2024,Gateway,M,Fulah
amussettig2,602-470-6094,wjablonskig2@cloudflare.com,sW2#RDG'|rC',3/13/2025,Kipling,M,Ojibwa
ojimmesg3,138-118-0855,mgrzeszczakg3@oaic.gov.au,"tJ9{j<A}""/a73",12/30/2024,Orin,M,Dzongkha
frubenchikg4,832-687-6843,bclarkeg4@tumblr.com,jT9&RhRk\b&4KI,3/21/2025,Riverside,M,Catalan
grodmellg5,857-917-6999,erennoldsg5@guardian.co.uk,"bZ0#>Du,4qq!$G",8/27/2024,East,M,Javanese
jleflemingg6,351-158-8219,swasielg6@ifeng.com,jI6@gV$hp1hWXAat,8/14/2024,Emmet,F,"Ndebele, North"
ccollingwoodg7,107-729-6164,csaizg7@dailymotion.com,"fQ8?l7G""XS",1/28/2025,Lunder,M,Catalan
gdanatg8,709-111-7603,jcoppockg8@biblegateway.com,qN1{|cYSnb*gLxC,1/13/2025,Lillian,M,Arabic
mwhertong9,133-102-0994,bbaudaing9@hud.gov,jQ2|?5kXYz*x`~$,2/25/2025,Cody,M,Oromo
lyousterga,103-603-5214,cmeachga@scientificamerican.com,xA3}VVR@Z<m,6/1/2024,Susan,M,Aragonese
emabonegb,975-462-2163,vgerriegb@bigcartel.com,lX6|.~$k$nsnG+_,5/17/2024,Schurz,M,Norwegian
bmunsongc,162-647-7657,schardingc@nationalgeographic.com,yY8~j>!9X1tfL3f,9/14/2024,Duke,F,Croatian
mavraamgd,486-836-6560,ehaltgd@bravesites.com,hV3.XSn1\f</,8/17/2024,Cherokee,F,Venda
jmagovernge,950-952-9889,rlenschge@oracle.com,bI6&F2Vm,10/22/2024,Emmet,F,Faroese
bhaggusgf,742-225-1654,htrunksgf@vimeo.com,wH7(r.16Hekc7%~,1/18/2025,Schiller,F,Breton
crozziergg,550-476-1849,joxterbygg@chicagotribune.com,"mN2?,Qg{RCHd",9/17/2024,Manley,F,Corsican
vblaasegh,275-875-6307,asammutgh@123-reg.co.uk,bX3%iH_X,4/8/2025,Clove,F,Ndonga
lshelpgi,889-583-5726,mbethogi@opera.com,gV2(3K{4T_RRUK9V,5/29/2024,Dixon,F,Sichuan Yi
vpatemoregj,848-531-7462,htobiasgj@mlb.com,"gA7""n5D}90cUBt8",11/26/2024,Jay,F,Cornish
ejanissongk,998-880-0215,mhicklingbottomgk@netlog.com,"zW7""0!Hy9*#u3IH",3/20/2025,Eliot,F,Uzbek
cpinnellgl,540-900-5344,cmcwhannelgl@fotki.com,qO6'm/ss,5/1/2025,Lunder,M,Malayalam
fturlandgm,810-523-3142,ahilliamgm@nhs.uk,mY1*!Sqzk'c>0,9/11/2024,1st,F,Tahitian
rdavydzenkogn,446-733-2420,bgudgiongn@hc360.com,mW4#n6pciKl>T>F0,8/14/2024,Derek,F,Afrikaans
nlinaygo,333-150-2362,ckilminstergo@timesonline.co.uk,pC2%RcXkp5o,6/17/2024,Cottonwood,M,Uighur
awonfargp,836-779-2368,dedygp@businessweek.com,xI1`oaO7{2BN74|C,9/25/2024,Dunning,M,Walloon
pcorssgq,882-503-4516,dbeaulygq@posterous.com,"yZ4|b}(w,Kqg",12/24/2024,Corry,M,Tatar
hbouldergr,692-323-2631,kourygr@nsw.gov.au,mC4`Cu'0CiHt\~s!,10/14/2024,2nd,M,"Greek, Modern (1453-)"
jmacavddygs,474-307-6998,jmccallamgs@tumblr.com,"gZ8$M,PT_U}M",7/30/2024,Vernon,F,Shona
cpigdongt,705-723-9965,hwemmgt@about.com,mB5!bal*,8/24/2024,Autumn Leaf,M,Pali
rsmootegu,385-278-9670,tolrenshawgu@webs.com,"uR9,!+B(Mu",9/20/2024,Garrison,M,Malay
cewengv,742-237-3279,renterlegv@eepurl.com,"oW8_,""J+@jy@vaI",1/9/2025,Truax,F,Icelandic
dmacilriachgw,142-670-5239,jservergw@pen.io,hH5>X#8(,6/23/2024,Lakeland,M,Bulgarian
tvoiseygx,847-747-6243,aguddgx@statcounter.com,kG0*/uKFQx7uB`,4/6/2025,Chive,M,Kuanyama
sharkgy,290-867-6169,ldalmangy@drupal.org,xJ4_7qTuU{*}pL`P,3/30/2025,Sundown,M,Tajik
blanfranconigz,755-704-6425,dpeartongz@hibu.com,"yO6%J,2w!=bCP0F",7/29/2024,Katie,M,Chamorro
stroakeh0,826-213-9832,asarfash0@eventbrite.com,uU0+\*Xs.>hI7}KY,10/11/2024,Thompson,F,Arabic
eedmensonh1,811-719-0962,lroacheh1@sina.com.cn,fV2=15s$8<09vSFi,4/30/2025,Utah,F,English
pklaaasenh2,188-299-8747,dnottonh2@google.com.au,aN6|ZGCy0sF'U7Q,7/29/2024,Hoard,F,"Bokmål, Norwegian"
srottgersh3,966-797-7469,fclampeh3@slashdot.org,"vE4?o+vU,4)",2/24/2025,Oneill,F,Polish
odanilovh4,399-926-5568,kboutwellh4@time.com,lR6!shm(@3xb,3/26/2025,Scoville,M,Hindi
rdevauxh5,502-632-2189,dneumannh5@princeton.edu,hQ5.RUv.,9/11/2024,Charing Cross,F,Pushto
dflooksh6,719-482-8029,adecastelainh6@walmart.com,jV9$@9Ql_AI7Zjq,11/1/2024,Pierstorff,M,Belarusian
zkeyzmanh7,262-396-3313,dbrimilcombeh7@twitpic.com,wI5%.\S7XHR_FA,4/4/2025,Pond,M,Bulgarian
llivingstoneh8,882-376-0970,apomfreyh8@china.com.cn,wY6~}(=efP,12/22/2024,Sloan,M,Komi
pkirschh9,726-546-2677,crussih9@gmpg.org,uX4+z|dTS4cm,10/17/2024,Westend,F,Kinyarwanda
lstealfoxha,234-259-2326,mnicklessha@huffingtonpost.com,eP3$ge~&B/l<0,11/20/2024,Mallory,M,Tswana
reyrehb,845-370-2592,asnookhb@mayoclinic.com,zB4~8LBZ7!p''y,3/7/2025,Drewry,F,Italian
slivesleyhc,335-686-5355,murwenhc@exblog.jp,"zW2{(#nw,K9'S",9/17/2024,Mesta,M,Bislama
tswannehd,648-667-1037,dsarneyhd@whitehouse.gov,lI0~nL/7C/fhd%\5,5/23/2024,Westerfield,M,Pushto
cosbournhe,538-328-3225,dloxstonhe@freewebs.com,"qP7""728{NSU",4/14/2025,Novick,M,Corsican
samyhf,215-137-4877,kminchinhf@sina.com.cn,"aR4)|Ep4rZ""N2",10/3/2024,Sycamore,F,Kanuri
kandreevhg,227-802-7457,ggureryhg@bandcamp.com,jD9)r>%agq,6/2/2024,Daystar,F,Azerbaijani
ldanskinehh,501-915-9216,acrollmanhh@gravatar.com,kP5!a493*yuM3%,10/18/2024,Drewry,F,Tigrinya
csewleyhi,566-358-7520,rwiddhi@cocolog-nifty.com,xJ1)m|AVUw|}3UL,1/10/2025,Lunder,F,Bulgarian
hburnardhj,523-987-3802,daudiberthj@parallels.com,rK2(a\K/?c,7/23/2024,Thackeray,F,Ossetian
gainsbyhk,610-951-4293,ieganhk@yandex.ru,xB0_4D@&3),5/10/2025,Lindbergh,M,"Sotho, Southern"
rwoodierhl,609-588-0714,lgloucesterhl@1und1.de,nP5'dB19@.Ln*i9Z,1/13/2025,Paget,M,Tswana
rbannermanhm,908-909-4655,kpeaseyhm@reddit.com,"xU6""h,Rx>ctI=",11/1/2024,Springview,F,English
lboomeshn,140-789-1640,hmcellenhn@tripod.com,lT5$`*qJ~xUikm=5,10/13/2024,Evergreen,M,Chechen
gjellicoho,585-374-2290,aidaho@dot.gov,fH4}A'.}<,10/30/2024,Jay,M,Gaelic
ilightwoodhp,302-744-8566,mgrishenkovhp@nifty.com,"nO7{Cb/k=t""t>u?",7/5/2024,Schiller,F,Manx
ncharonhq,622-396-6270,abeekenhq@nytimes.com,fV6(qHkor(CX,6/9/2024,Waubesa,M,"Ndebele, North"
eottiwillhr,445-428-1405,fbehrendsenhr@ning.com,dR4%l_o#Ts`cD'},4/9/2025,Iowa,M,Croatian
arapohs,792-886-1621,lbardeyhs@facebook.com,yL5`sY6U,1/16/2025,Union,M,Pali
lbarklyht,954-277-1816,tdullardht@bandcamp.com,xT4*!`VsDgnXC(,11/2/2024,Lakewood,F,Urdu
rwittenhu,689-480-1960,gbloorehu@1688.com,tP3>hgT+f7OR=7,4/9/2025,Meadow Valley,M,Hungarian
tdolleyhv,639-451-3560,ysanneshv@bloglines.com,"uX1%&S""+<P{G&C",11/11/2024,Novick,F,Hungarian
cphebeehw,609-890-2949,fspiviehw@deviantart.com,jZ4&cd?a\,3/6/2025,Twin Pines,M,Wolof
dhubbersteyhx,605-127-8123,tjeandethx@yelp.com,"oG6'LkCZ?,cW5V4",3/17/2025,Westridge,M,Nauru
dmattheeuwhy,885-762-4472,bnutbeamhy@xrea.com,gK8\Pb)b_$o_i,8/7/2024,Washington,F,Russian
cgoldsterhz,707-834-6780,atwidalehz@patch.com,vL7~YpMXt,4/15/2025,John Wall,F,Wolof
omckinneyi0,378-150-0330,udoutchi0@spotify.com,kP5%sJ@@|vmO2,7/5/2024,Meadow Valley,F,Thai
jdionisioi1,500-714-7516,lsheptoni1@desdev.cn,rY2\#j'nSnK5Q2+',11/13/2024,Kedzie,M,Albanian
mleseki2,131-314-0839,lperringi2@harvard.edu,"aZ4\4b""A&SP",3/5/2025,Montana,F,Guarani
eprettyjohnsi3,561-304-5771,kdakei3@desdev.cn,kU1(3jbP1a,9/17/2024,Bluestem,F,Tajik
rwhytocki4,920-254-5621,mchatwoodi4@harvard.edu,uA8%}kim,6/16/2024,Barnett,F,Kanuri
evillaltai5,800-426-1842,kimorei5@webnode.com,"rR0<,P)k!gB&ARm",3/24/2025,Commercial,F,Gujarati
awealleansi6,273-856-7998,jstredderi6@bloglovin.com,hF5`ryIT,5/9/2025,Farmco,M,Gaelic
ckeyzmani7,410-160-7310,thenricssoni7@wiley.com,dF9>me+<wJFM,12/8/2024,Crest Line,F,Sango
fgwatkini8,113-909-8633,ddewingi8@stanford.edu,jW9_BJnGEAY,2/25/2025,Stoughton,F,Nepali
dtheoboldi9,276-582-6744,vpurselowi9@patch.com,fD0_KsC>j,3/21/2025,Muir,M,Ndonga
mcheeria,545-790-2437,dkorneevia@youtu.be,yZ8>.6Ir&k,5/15/2024,Elgar,M,Tsonga
ajanseib,861-637-9153,tspriggenib@wikipedia.org,jY0)!~%5'u_I,9/30/2024,Farwell,M,Sanskrit
abarracloughic,336-530-3247,korcottic@t.co,gW0#w61=cg@O4,8/16/2024,Clemons,M,Turkmen
hberthelid,445-316-5530,cizhakovid@addthis.com,"rV0(gLBs4@ME""~n",3/29/2025,Hoard,F,Inuktitut
cyosifovie,963-245-7812,acarlesiie@uiuc.edu,yT9=DzlfH71nj,10/14/2024,Calypso,F,Uzbek
bansillif,213-651-1183,easpinwallif@google.de,rQ3/S7b*FKO.,12/13/2024,Thackeray,F,Navajo
amausig,402-667-5989,gbrewardig@mapquest.com,nQ1>g35g6,6/29/2024,Alpine,F,Luxembourgish
kmeritih,856-888-6920,ecrateih@upenn.edu,gR6+U!(W,7/24/2024,Kinsman,F,Bosnian
nwaggeii,931-620-4138,atrivettii@census.gov,"tH7~deuE.8)/""mmG",3/12/2025,Lawn,F,Kazakh
mcartledgeij,917-573-1123,lrawstornij@nytimes.com,bX5'M9t8yJN,5/30/2024,Prentice,M,Dutch
csambiedgeik,632-266-5791,amcorkillik@themeforest.net,aL8_!o8v#,10/14/2024,Surrey,M,Persian
asimmillil,688-776-6191,bceillieril@washington.edu,fX5+M_P|%Z6,1/25/2025,Grasskamp,F,Bashkir
gjeannotim,362-378-6890,awilneim@ox.ac.uk,"eP6,,dm!msB|j.nX",5/14/2025,Canary,M,Yiddish
akernoghanin,140-896-8050,cellerbyin@unicef.org,jS1_hVjfX1li,3/25/2025,Chinook,M,Somali
bharomeio,172-786-2382,sbowskillio@businesswire.com,uN9`>/OV$|sTvG&,5/30/2024,Linden,F,Panjabi
gelphip,664-726-4299,sweinhamip@hhs.gov,hP1'TO9}p,12/31/2024,Jackson,F,Polish
vstilingiq,502-438-8232,mswabeyiq@guardian.co.uk,tM8\8q?7r.*j,8/17/2024,Oxford,F,Ukrainian
bquineyir,902-463-4321,csimioneir@instagram.com,"mB5""`)2q",7/5/2024,2nd,M,Norwegian Nynorsk
twolfendellis,106-384-4837,mdavittiis@imgur.com,fT6*GZT<,10/23/2024,Knutson,F,Sango
pboornit,659-564-2922,slebretonit@wikia.com,"uJ1>oeJjq)g,f&jp",8/19/2024,Goodland,M,Latin
gdarrachiu,410-774-8317,glangmaidiu@accuweather.com,iN1?As@s{}kcItn,1/3/2025,Monterey,F,Tagalog
nholtiv,661-699-3730,sfosteniv@flickr.com,sQ5/3&M8,6/27/2024,Grover,F,Nauru
mkleeniw,759-514-3223,rcaseliw@geocities.jp,"tR1,JLlNtqn",6/7/2024,Tennyson,M,Northern Sami
hfaradayix,315-208-5468,koheneghanix@huffingtonpost.com,"tX1/Ngi&RO""eF6n",10/11/2024,Warbler,F,Norwegian Nynorsk
tjakovijeviciy,280-941-7836,apurtelliy@zimbio.com,"jW5@,5CpOZU!EA",11/8/2024,Sommers,M,Tagalog
cclymeriz,498-544-8227,mheavensiz@npr.org,uB2!aW$K`.4,10/14/2024,Algoma,M,"Ndebele, North"
acayj0,225-202-8162,bcayettej0@spotify.com,tI9(PO>sq~,7/27/2024,Dunning,F,Haitian
egrimstonj1,636-391-0507,soaklyj1@scribd.com,rJ0(=e>d/X`,7/23/2024,Arizona,F,Haitian
llenoirj2,824-186-6951,efolbigj2@yahoo.com,aF8$}WEHRa=xWUt,10/14/2024,Macpherson,F,Lingala
qchallenj3,925-850-8896,wgraffhamj3@istockphoto.com,xC5({m`QH3SK,2/12/2025,Maple Wood,F,Ndonga
nshayj4,652-434-2172,bmcgarviej4@pcworld.com,"kG6/Y$&Y'bu,rSO",4/28/2025,Hanson,F,Bosnian
sfellgattj5,421-801-0524,kellisj5@economist.com,fI9%|BrVD/B#m/,11/6/2024,Shelley,F,Galician
kputterillj6,460-811-2898,mscandritej6@wisc.edu,"mH1{J8OIR,BQ2r",3/1/2025,Bellgrove,M,Portuguese
ebarnhamj7,462-610-2413,vpratenj7@tuttocitta.it,vZ1<wx~5W=w,11/6/2024,Jenifer,F,Chichewa
tloughranj8,376-956-1390,oupcraftj8@webnode.com,xV1+SJ~Q2.km/i2z,5/9/2025,Myrtle,F,Guarani
vroosj9,381-815-5258,ovarnesj9@deviantart.com,qA2(wqq(D,5/31/2024,Eagan,M,Amharic
dtriggsja,563-943-3994,baxellja@github.com,fE3*'Gf6@|,6/27/2024,Melody,M,Swahili
ssoldijb,796-208-4818,fbostockjb@cocolog-nifty.com,eH9(3`U~HT,1/28/2025,Laurel,M,Faroese
mharkinjc,803-703-4458,lperonejc@ft.com,sG9{8CKHjRhJ\U2,2/12/2025,Orin,F,"Greek, Modern (1453-)"
fsacklerjd,238-674-9444,mslitejd@friendfeed.com,lZ4\YA@`SlN,1/16/2025,Corry,F,Ndonga
nghentje,352-845-0182,tbancroftje@npr.org,"dF1}.Zmv""v5U",10/16/2024,Melvin,M,Afrikaans
codeajf,602-261-5751,rkubasiewiczjf@twitpic.com,sT8(IrSP27,10/31/2024,Bunting,F,Malagasy
aabelsonjg,987-792-8408,kgronowjg@narod.ru,vI2{m5|$8fk{},6/8/2024,Service,M,Interlingue
hnorcrossjh,555-352-6484,cdavidoujh@soundcloud.com,jS7{/@c(($m1a+L,11/18/2024,Westerfield,M,Kuanyama
dgrievsonji,394-460-7010,pnicollsji@symantec.com,rG0(YSth#|6(DSM5,3/17/2025,Buell,F,Hungarian
acarlensjj,657-677-9915,fglazzardjj@hibu.com,wZ5?L}1*pTK\@.,5/29/2024,Karstens,M,Church Slavic
hcadgejk,195-761-5281,ipetyankinjk@indiegogo.com,rH7}7L\S8vW~,3/5/2025,Sundown,M,Guarani
sgummoejl,460-768-8723,tdimbylowjl@yellowbook.com,fN7=oC+GQ)n.uVZ,7/8/2024,Namekagon,F,Albanian
mabrahmerjm,880-829-7720,rhalwardjm@alexa.com,mO1{eWSEz2!mIX,12/14/2024,Green,M,Japanese
jbakeyjn,545-106-7900,ttoutjn@cdc.gov,fH3#6>e6`>{V,8/14/2024,Manley,M,Lingala
gweildishjo,161-869-6053,gbowdenjo@addtoany.com,tV4@e~)jZ8y,6/2/2024,International,F,Uighur
etetsalljp,373-377-2228,bgogayjp@guardian.co.uk,"uJ2/k,z$}Oh/L_",1/2/2025,Drewry,F,Central Khmer
nbaldassijq,200-875-0730,bjovanovicjq@barnesandnoble.com,aS7{<rBl9},11/6/2024,New Castle,M,Somali
cmurrishjr,975-526-4308,gfantijr@weebly.com,bD6'Tvx<,2/20/2025,Northview,F,Azerbaijani
nmaudlenjs,842-922-9918,mfoulgerjs@ucsd.edu,bK5|?(S>8c&w|2,7/13/2024,Monica,F,Cree
mbrigdalejt,379-283-3360,cgoldajt@i2i.jp,jN2}`Gh2?xha~xj,10/20/2024,Westerfield,M,Twi
dlaythamju,982-191-4883,edaguannoju@aboutads.info,"mU1%yAEVvHU,WFPB",7/29/2024,Rutledge,F,Northern Sami
rruffeyjv,925-109-0682,sinchbaldjv@google.co.jp,hY7#!3$nMuoQ\K,7/17/2024,Magdeline,M,Javanese
mhargreavesjw,208-920-6103,tehlerdingjw@i2i.jp,pP6.)<UOXAbl_6U,1/23/2025,Independence,F,Latvian
rbaakejx,502-755-7999,wspontonjx@nbcnews.com,zC0|RE8KM&,8/3/2024,Burrows,F,Cree
kheatheringtonjy,369-530-8423,crewcastlejy@plala.or.jp,xO1$wvwT1@,9/1/2024,Melby,M,Zulu
smacnabjz,354-109-1231,jlefevrejz@qq.com,uF4~*B(g&OtN1g,10/8/2024,Dakota,M,Armenian
lmeenehank0,974-951-3903,hmarxsenk0@netscape.com,qF5(0FgiCV!e_|~s,2/20/2025,Dapin,M,Aragonese
tturviek1,827-365-3381,dwainek1@latimes.com,jQ5\z*6k`x#<6r=,2/21/2025,Basil,F,Marshallese
bpreddyk2,253-431-8374,gdoodneyk2@squidoo.com,tD4~(28%&O1<,5/12/2025,Maywood,M,Malay
ldabsk3,241-546-2065,mwaplingtonk3@slate.com,uE2.39t>C)}u4,2/6/2025,Morning,F,Ido
bfoleyk4,708-390-0467,dwrethamk4@mysql.com,aL0)kSX7DC5%t,10/5/2024,Nobel,M,Portuguese
ewoodwink5,544-848-0911,cclampink5@furl.net,cD5}_T3)nI%75,10/4/2024,Little Fleur,M,Sindhi
haymerichk6,218-696-6675,araynek6@shinystat.com,oA6&B_/Ej,3/10/2025,Valley Edge,F,Ukrainian
cwetherbyk7,130-869-1877,sdalleyk7@constantcontact.com,hL7)`6YFX,7/30/2024,Ridge Oak,M,Kikuyu
rmallabonk8,435-428-7827,rreagank8@soundcloud.com,uJ9|72>LGy,1/11/2025,John Wall,M,Ossetian
lkneathk9,688-351-6190,ckayserk9@squarespace.com,wO2.f'Q1MINzS?,12/30/2024,Marquette,F,Hindi
cmerryweatherka,667-598-4168,lboutellierka@nba.com,pX2&PuUzM&j,2/12/2025,Del Sol,F,Oriya
gmendenhallkb,147-135-5201,smathiekb@bigcartel.com,gQ3)Q#>Y!nWV,9/1/2024,Spenser,M,Aymara
fstadingkc,242-666-5819,lbonnettkc@slate.com,zS6&xrjHb*,8/29/2024,Dakota,F,Kashmiri
eranklinkd,277-146-0734,emcgrirlkd@51.la,zN1>8!xxU,7/25/2024,Arrowood,M,Limburgan
troweske,832-880-4001,mlittlecoteke@gmpg.org,"nU8|V&""I\6/",4/13/2025,Longview,M,Venda
rmcmurtykf,506-170-5309,tstoreskf@washingtonpost.com,nP9||7UL/M,11/7/2024,Toban,F,Xhosa
tbricekg,325-134-7219,lmuccikg@boston.com,qT9#2}bBE7xHP$,3/31/2025,Sunbrook,M,Kongo
hheaneykh,986-158-4334,dhattkh@xinhuanet.com,uX1$3SzKp7%cC,2/9/2025,American Ash,F,Sanskrit
aalwenki,812-736-6102,iyaninki@wunderground.com,lY3</n#3XrmP,1/1/2025,Monterey,F,Afar
gmaffeykj,547-985-9863,bgombykj@meetup.com,tB2_zk&o!,12/24/2024,Goodland,M,Bislama
vsabattierkk,833-760-7099,ifeakskk@webs.com,pI4%XVdk1h,7/5/2024,Welch,F,Thai
cconochiekl,170-216-9154,awebbenkl@sohu.com,tR7`\W/clOhAi.D~,2/3/2025,Green,F,Somali
bpalaykm,974-481-4339,tliekm@amazonaws.com,vQ1@EYeH,5/20/2024,Roth,F,Ndonga
ahoyskn,315-940-8254,ahubbartkn@youtu.be,eC3*HUYf@!I}ZKD,5/1/2025,Kedzie,M,Afrikaans
dsabbinsko,583-325-4963,idiggensko@columbia.edu,vZ6@=p+T/,5/19/2024,Havey,F,Assamese
bcockliekp,371-697-4665,pbroderickkp@europa.eu,jU5}1K)lw3g/C5&,3/8/2025,Bunker Hill,M,Oromo
rtopingkq,446-155-2482,mlongsonkq@furl.net,"xD3,ppW?",9/14/2024,Shoshone,M,Ewe
rfaradykr,566-111-0680,aforsardkr@privacy.gov.au,yK6!(?QIhHx&P7|1,10/24/2024,Merry,F,Azerbaijani
fgorvetteks,896-957-3608,xoliffeks@opensource.org,mO0<VYZ1pI,11/25/2024,Dayton,F,Bosnian
kpodmorekt,364-147-8012,bloftuskt@bloomberg.com,dW0%GHyDr4(lM//M,7/15/2024,Summit,F,Japanese
twiburnku,702-287-7815,lsweenyku@1und1.de,qQ5=m`lhUar3l1!,8/14/2024,Manufacturers,M,Danish
elampaertkv,260-524-8740,gbredgelandkv@altervista.org,"lC3*|AJ""q?2R,",8/16/2024,Bunting,F,Ganda
bcorradikw,423-520-0759,caltamiranokw@apache.org,dI5\MMu>6,10/16/2024,Monica,M,Polish
bshrubshallkx,656-991-4203,gtedstonekx@army.mil,rJ3_{1sqG#&kb,4/13/2025,Clemons,F,Interlingue
awasielky,620-343-6984,qswinyardky@stanford.edu,pA8(tIs4,12/31/2024,Warrior,F,Amharic
gcopeskz,778-446-8515,hmaccathaykz@imdb.com,sS3`.C<D,6/18/2024,Roth,M,Yoruba
egosartl0,812-283-2100,bberrygunl0@tripod.com,jG5+dQIl!=,5/20/2024,Bowman,F,Tibetan
wwintringhaml1,617-915-1681,cmcquakerl1@omniture.com,tT8*(x2etlO,5/19/2024,Meadow Vale,F,Spanish
ejanowiczl2,926-227-5630,gmackiesonl2@intel.com,jB0>p%4y(Gc$$_(w,10/24/2024,Loeprich,F,Ojibwa
alebroml3,580-208-6827,bmoscol3@privacy.gov.au,uG7$>poE<q3j,12/5/2024,Cherokee,M,Hiri Motu
ghurleyl4,118-559-2891,alongmorel4@ycombinator.com,"dM1"">.8CRNB0=76#",9/3/2024,Calypso,F,Occitan (post 1500)
psilcocksl5,619-335-8684,asprowlesl5@dmoz.org,"zE4*9m\Aav&eF,B",4/11/2025,Superior,M,Pali
jendacottl6,153-282-8733,aprangerl6@dedecms.com,"cZ4`k&U9,`F3bB)",2/21/2025,Victoria,F,Portuguese
dbergstrandl7,442-575-9047,rhoworthl7@apache.org,rK9@B//Vdeh$,6/25/2024,Shoshone,M,Central Khmer
gmatterisl8,479-263-8587,cdeletel8@myspace.com,wM6&_G`xvB\DSV6,10/24/2024,Canary,F,Nepali
tmecozzil9,367-216-6390,dhinchonl9@theguardian.com,eL7'k\Y.F1TEvN,11/11/2024,Everett,F,Swati
qgoghinla,324-276-0296,lfrightla@issuu.com,yU3%HDEpPO,1/17/2025,Mccormick,M,Limburgan
poverstreetlb,768-315-3300,jdormonlb@bloglovin.com,yX1?uN4c,7/6/2024,Garrison,F,Breton
bswindenlc,935-771-3397,rarnowiczlc@technorati.com,hR5<mg*oyR2',11/4/2024,Veith,F,Armenian
dmattheisld,601-455-5875,mberingerld@digg.com,fM0{kM58nrfB,5/3/2025,Sachs,M,Amharic
bomaileyle,165-586-8865,fguppyle@bloomberg.com,qK3)(hx0%e%2#DP,9/26/2024,Raven,F,Slovenian
tcopestakelf,821-799-0734,fmoneypennylf@abc.net.au,vF6$UGpVwU9a,1/16/2025,Upham,M,Chamorro
cbernaldolg,272-401-3300,vparelllg@cbsnews.com,"xR6/""8}7IM~('5'",9/7/2024,Katie,M,Arabic
gmitkinlh,511-175-2145,eommanneylh@va.gov,mZ8}c6_+/@zh?,7/13/2024,Myrtle,F,Urdu
hblindermannli,544-635-7323,rsprowsonli@webnode.com,"jR0,yFA}i2S\Zpw",9/24/2024,Sutteridge,F,Igbo
ccoenraetslj,795-126-9676,amarzellilj@moonfruit.com,kZ8}*MOBY,2/9/2025,Kennedy,F,Manx
rcoolelk,583-694-1706,hhiddylk@prnewswire.com,"eI2~?Wld<""'Pf7'#",4/18/2025,Coolidge,F,Kannada
lcarvillall,842-911-9198,fwaycotll@va.gov,vE0#wz#d&k,9/7/2024,Dryden,M,Gaelic
asandwichlm,203-144-0699,srihaneklm@irs.gov,oG8)/?2S(dz3YnU,9/18/2024,Hagan,M,Swati
vkemln,668-695-4858,rsheehanln@devhub.com,gN4'.|)G\bra,2/6/2025,Cambridge,M,Cornish
anewberylo,733-739-4414,tharversonlo@hhs.gov,jV1~'Yd4,6/27/2024,Trailsway,M,Icelandic
gtreleaselp,326-826-7263,dwoolvinlp@clickbank.net,cG7\f~FqY0,6/10/2024,Stephen,F,Western Frisian
gakasterlq,821-609-9057,ehemberylq@bizjournals.com,nG2#7Ga<HxB,1/23/2025,Farwell,M,Russian
sbowleslr,901-536-9639,fcordeylr@ebay.com,mB0\Xo3L,12/25/2024,Eagan,M,Chechen
grawels,319-588-5496,spigdonls@bluehost.com,"sC8|+%*iu,l%8e{D",11/12/2024,Coolidge,M,Wolof
ejaquisslt,418-677-6306,bsquireslt@google.it,iZ2.ob93%,11/15/2024,Manufacturers,M,Sinhala
tpendrylu,884-111-1540,nreachlu@spiegel.de,"xL5!S'wn""",1/14/2025,Novick,F,Lingala
bfaierlv,220-221-5716,pweatherbylv@jugem.jp,tE7?B0*vzw./,2/23/2025,Raven,F,Marathi
rtatherlw,936-489-0561,ematterseylw@opensource.org,tC1+BMADF`a1?,7/14/2024,Vernon,M,Kashmiri
mbottrelllx,780-622-3492,asedgelx@intel.com,eQ8\FLsbT+==(,5/29/2024,Beilfuss,F,Malayalam
kjerzakly,126-804-3204,rdollardly@paginegialle.it,pG3@psST{_X,5/9/2025,Aberg,F,Albanian
deptonlz,913-279-4668,brooteslz@youtube.com,rI6_qgOv},5/24/2024,Ridgeview,M,Dutch
pfarragherm0,395-343-1710,sdwerryhousem0@cbslocal.com,qS0<{+11Y\,2/10/2025,Commercial,M,Russian
finchbaldm1,331-116-7443,laloshkinm1@biglobe.ne.jp,"iM3,Y/SGQ",4/30/2025,Arapahoe,F,Sango
pphillipsonm2,932-640-2165,pbundeym2@dyndns.org,"xZ7""8FSZK",4/15/2025,Grim,F,"Bokmål, Norwegian"
sspreadm3,132-252-5147,ebertsonm3@shutterfly.com,yL7|+z@)uk0k/Fli,5/18/2024,Pond,F,"Greek, Modern (1453-)"
ahatterslaym4,257-546-0090,jpaoluccim4@sphinn.com,"uS1%eU'q7zLSDm,{",6/10/2024,Mosinee,F,Bashkir
dgabbm5,504-861-0261,aglencrashm5@cnn.com,dA9~GW5cCJI,9/17/2024,Loftsgordon,F,Kuanyama
atackleym6,326-974-8231,cpirronem6@pbs.org,uA8=Hx&PGQM=rU,11/13/2024,Cardinal,F,Romanian
nchampagnem7,828-620-1749,mgladhillm7@artisteer.com,kY3*'!krE>.n,3/18/2025,Dorton,M,Norwegian Nynorsk
