user name,contact,email,password,trainer name,timings,fee
tmacsporran0,8937869020,mbosman0@elegantthemes.com,yK3_DRTIgP*,lslessor0,1:56 PM,64
zwitch1,8871969405,jcollin1@list-manage.com,rU4)eq5?}B5+nJ,jbau1,10:02 AM,25
sroskelly2,3843735298,amayling2@smugmug.com,lP5!i0uiAL>l`P(,cleband2,3:08 PM,52
emaclennan3,3278810708,ahavers3@redcross.org,"jA7&j((ij""kUi'",narmatys3,8:12 AM,15
whorney4,4399229470,fsills4@auda.org.au,"kF6&|6s',\M/hQP_",vmortel4,5:26 PM,6
drotter5,8941213533,fmorrissey5@cbsnews.com,fR1+k`2T)J'Fms,dtomkies5,5:34 PM,84
flutwyche6,2336205033,tdrogan6@uiuc.edu,"wC4&P*Ia=,d(h=vd",mizon6,6:24 PM,39
jetherson7,6413120398,mbraunroth7@apache.org,"bL6%""I\h>k",nmillwater7,2:27 AM,49
jchilton8,8486123011,kgeockle8@telegraph.co.uk,pF9|iZt9,nballentime8,7:12 AM,55
sbryning9,5066271511,aiacovazzi9@a8.net,"nW9'""%dC8C",rpatrick9,8:17 PM,19
kgothupa,7543311011,atailbya@moonfruit.com,iB9@2_vZ>bS~68k,hosana,1:36 PM,51
lbarczynskib,4859382072,caudenisb@youtube.com,"hN9$DK%""",cpagelsenb,2:51 AM,89
jbrittinc,2986573282,lcribbinsc@smugmug.com,jS6\9uq*m_m@/7YI,neastridgec,12:21 AM,74
msayesd,8903213467,rleynaghd@intel.com,lR0/Jo!9lwfP?!,btreffreyd,4:04 PM,89
wwillmere,0557763673,lectore@istockphoto.com,"kW1<qs.,yUl#$L",dmarcume,2:46 PM,4
cboyesf,1286434157,kfraserf@cbc.ca,hN5_W_kF`oqs,rnevisonf,5:48 PM,82
esakinsg,1922428647,pbleymang@marriott.com,zO0'/Q\r)L3.JU,lharbertg,8:00 AM,51
bgrievesonh,0100455468,kramsdaleh@shareasale.com,lU6~&SBjXZ`3lg,jgennh,4:53 PM,88
icharleti,1533271119,acaviei@nbcnews.com,"zX3""!)dA(",osouthworthi,6:12 PM,6
wroswarnej,8898556535,slaughlinj@blog.com,vO9'r7N<$Ukc.,ckordovaj,10:43 PM,20
lklausk,4110933161,vfranzkek@amazonaws.com,zS3}.|ZVX1@,rbenezek,11:19 PM,65
dklasingl,8306759974,ebaynel@amazon.co.uk,rQ7|%$N_b,fbentzenl,6:53 AM,7
pheyburnm,4666415882,pdymentm@paypal.com,yC5*o.kZ,kgoldam,5:46 AM,69
lmurcuttn,2146810742,bbalcomben@nih.gov,iF0'aY!T`k,lrichingsn,9:07 PM,95
kbeezeo,3010050437,lbisikero@netscape.com,kX0{Fai8=8I'n,kfildeo,10:12 AM,27
aivanitsap,6684420428,gdreschlerp@shareasale.com,"pK4{WCW'""V$kB=",sparemanp,6:14 AM,67
ndelbergueq,2350032507,rmationq@psu.edu,fL5&WK4t,kmcarteq,12:42 AM,61
emcmurtyr,7486815621,bpatonr@geocities.com,zG6&LAOky,oshinefieldr,8:56 AM,32
poosthoutdevrees,5035878686,kgogertys@admin.ch,xJ1.4Wj8EVIJ3z%Z,hlebonds,1:58 PM,22
kcardowt,7999603953,slangstratht@ovh.net,"kO4|lc6,r*",rcrickmert,11:31 PM,29
selsomu,2799868029,fspitellu@opensource.org,tL7*z'2w},ttreweelau,3:23 AM,49
spillerv,8614228171,lsighartv@yandex.ru,uB5*}*#t+,froubertv,7:29 AM,60
dparradinew,4001143771,bdoellew@loc.gov,eO4_98PuLH,mshoryw,11:27 AM,78
rricioppox,3219408648,dfernanx@pcworld.com,"cH2}3""$Wl@%.",preicharzx,3:13 PM,77
ddunseithy,1750945878,bcreechy@narod.ru,mJ7@4=@F,jroskrugey,1:50 AM,35
bgomarz,3079252926,gcorneljesz@yahoo.com,aC2$1JvVl#yi55B,ascrammagez,5:13 AM,34
mmorpeth10,4074932687,sjaouen10@rediff.com,cM9+0rDrdx$Cg5{j,rgreenfield10,4:37 PM,79
cserrurier11,0742553930,sgilffilland11@home.pl,"cC4,7flfo<Lj",elunck11,2:42 AM,81
mdrinan12,8913993961,aetoile12@purevolume.com,gM4+_D<Em(Eq?,mkilpatrick12,1:17 PM,72
hkelshaw13,3224476192,ketteridge13@mozilla.org,pO6_7.d&V~#1,ahinks13,2:04 PM,10
rbramelt14,6384512785,rpeeters14@sourceforge.net,"iF3(r,Y0t",dbaud14,1:14 AM,26
vhailston15,4398260587,ewettern15@goo.ne.jp,"vB4&?X+ok,/#",tpoad15,1:54 AM,10
kfontell16,1403345139,rhussell16@apache.org,hS8!_xuW_8~0un2,rgehrtz16,11:20 AM,62
hmccartney17,8077617069,kgauge17@4shared.com,"dE3~?oCiL6C""ceo",bcleynaert17,12:22 AM,50
lhaffenden18,9205313327,nmenichelli18@mlb.com,oG4./K%XkZaV,gtollerfield18,7:13 AM,43
zclendennen19,6026423788,aschwier19@nhs.uk,vF6/w}_|\Ptft,hperring19,3:45 AM,87
bmacdermot1a,9375812197,gcobley1a@eventbrite.com,bJ7)$Uny4wz,mbeasant1a,12:51 PM,33
lsaunt1b,6817127114,jbirney1b@sfgate.com,gJ2'\)USB_<C,mfarren1b,1:23 PM,91
alawly1c,9668451104,lbratty1c@nih.gov,aH9|IsywVt,bsimion1c,11:18 AM,34
ljinda1d,5300482633,schasmor1d@infoseek.co.jp,"jC9""XYb}lRm""",kwykes1d,8:29 AM,100
scrombleholme1e,5398538136,dbauman1e@unesco.org,tU4)pFLe5xp7D7Y,clintott1e,9:08 PM,21
mroney1f,0555331377,mpatrie1f@about.me,zT5@PXHt~JW,djenno1f,9:42 AM,63
lmccartan1g,1464429979,dkubin1g@ftc.gov,"tF5>0b8+6\d?pD,",sacres1g,2:47 PM,75
hrenehan1h,9948493737,itunmore1h@netscape.com,"pB7,x|.H",cradoux1h,12:07 PM,47
adarey1i,5663204601,dskalls1i@joomla.org,jS2_i`41erf,foxlade1i,4:02 AM,72
bpierpoint1j,9765866852,ctithecott1j@wufoo.com,sE4}~1NS*\3,bbakhrushkin1j,12:08 PM,40
sdufour1k,4777817164,lwillment1k@independent.co.uk,xO9>%*>Xx.6,omariolle1k,5:25 AM,23
ttwidell1l,8926255875,ipipet1l@oaic.gov.au,vY6%\QXa,jtague1l,8:13 AM,77
fakett1m,3720672646,kohanlon1m@clickbank.net,"aV3""T+IMv3v!J?",lspreadbury1m,11:28 PM,75
aarlt1n,1004316569,igrigoriscu1n@berkeley.edu,oE3}e&eD,jflea1n,11:31 AM,77
hhurler1o,1596364858,lauchterlonie1o@paypal.com,jM5`m!4e/MT,asmerdon1o,12:11 AM,2
hheaney1p,0953560872,amccann1p@ihg.com,bG6\oC|V7Nx4NU,mlosseljong1p,2:57 PM,74
mtite1q,7005251555,eshoutt1q@columbia.edu,qP4_~5hXd'Un`7zb,nmeates1q,4:22 AM,61
mlinthead1r,2457926890,bmussettini1r@youtu.be,"dO0+,|e!X",cdall1r,3:33 AM,25
rpietz1s,1852700688,lcurton1s@aol.com,fL7)_tB%LfL&@EbI,jricoald1s,2:07 PM,80
atolumello1t,6032472744,lwatts1t@archive.org,zO0(.5e~Y1SpuKFT,cloughlan1t,11:50 AM,33
ahalloran1u,2795662752,mdaysh1u@marriott.com,dU5#Z6XE{1PRo,vbrigden1u,11:23 PM,27
rnorris1v,7772613717,dandreev1v@ted.com,cP4>az9jS}Rq,bolynn1v,4:21 PM,33
hruberti1w,7677500943,bniaves1w@slideshare.net,fL7/>q{jt(0i,hjayme1w,11:06 PM,18
nbermingham1x,8999357473,nsporner1x@1688.com,kX2<0B06&?\*X,lcottrill1x,5:52 PM,96
ccroizier1y,8926983013,smustill1y@google.com.au,tE0*jnlyu)WGQ,cbusswell1y,10:15 PM,86
ttennison1z,3022503369,ppettett1z@nymag.com,jV5)N@hbdlfs,jarmitt1z,5:59 AM,25
hschust20,8375722731,kebbles20@time.com,qJ9_IDB5,kbrehaut20,8:33 PM,31
mnelle21,0703208845,kfyall21@i2i.jp,nF5}37FE{,kellesmere21,9:03 PM,90
hfincher22,1849699461,bcarlucci22@squarespace.com,fL7}U0g@,moxtarby22,5:58 PM,57
wmournian23,5490263717,nsiveter23@storify.com,xC2$SXh(}c,bpetrillo23,10:01 PM,7
bepinoy24,6091459872,border24@myspace.com,iK3\oUNp9>Zk2b,cdeviney24,1:03 PM,1
whugle25,1849896518,nradclyffe25@about.me,vQ1.w+0mj,fhentzeler25,10:26 AM,72
atybalt26,5148314168,sacum26@naver.com,rE4%Ijozx86M,hyakebovich26,4:37 PM,53
delverston27,8370446574,berni27@instagram.com,zU6$PC(!aud,cmcleoid27,4:40 AM,43
aoconor28,9563193768,lcarlile28@reuters.com,lA7!7ii3JS&>0y28,croskell28,12:30 PM,21
mespley29,9369721878,sgiacomi29@live.com,vA5<J6m!,zfobidge29,5:43 PM,50
lmacgee2a,1160093792,scarrivick2a@sitemeter.com,"fA1~""2B#Q'._F",cmathewson2a,6:08 AM,49
ggregore2b,4874311784,mrotchell2b@reverbnation.com,eP4/.IZn5Z{XL,rmcadam2b,4:29 AM,83
gstanion2c,7031971098,atilsley2c@accuweather.com,aE3.4Vpj*S,cgouge2c,11:09 PM,63
ptomeo2d,3795621232,bclendennen2d@china.com.cn,"rN8""W`Uy>",mcumberledge2d,2:42 PM,18
rsheavills2e,4186787131,prauprich2e@devhub.com,"vK3,LL}1ebA_",bgilbard2e,8:10 AM,13
lnisbith2f,3903366595,abearcroft2f@japanpost.jp,vR6%Tx`},efawdery2f,1:04 PM,55
bmorsey2g,9349858436,jruff2g@123-reg.co.uk,mE1@U%v.S#}Z&2,srobjohns2g,11:46 AM,29
jfolder2h,6777286012,kseleway2h@g.co,"eL5(6YO+za,&I}",shurich2h,6:13 AM,74
bspellworth2i,6724307856,jmccomas2i@tripod.com,"qA7%""syp`~3/0'",smacourek2i,6:00 PM,30
cperassi2j,8446640856,ggillet2j@friendfeed.com,qO9.F@v&%,kingle2j,11:08 PM,37
bgildroy2k,3076950533,jtebbet2k@phpbb.com,iI2+`B77P,gcharles2k,3:18 AM,32
edacosta2l,6612842741,mbrabon2l@wordpress.org,"oL0&(K+""",hangelo2l,12:18 PM,46
dtaffrey2m,8840725423,srudkin2m@netvibes.com,"yJ0""CtlI8F8,{",tbuckles2m,12:48 PM,65
fchritchlow2n,9497332653,sdoel2n@theguardian.com,"bR8,fwV,XxP",dletherbury2n,4:54 PM,45
gronisch2o,9941949263,mosheils2o@webnode.com,iA1%4%}$cU<C(M),sgreiswood2o,2:22 PM,44
jmasse2p,4257202548,pletteresse2p@freewebs.com,fT6{2FBh%zQ=iX,hjaquemar2p,8:01 AM,68
wpinney2q,1516632591,gfowgies2q@sourceforge.net,pU3@jh6ZN,ccawthorne2q,7:23 AM,55
mgrishukov2r,4470792632,dblacktin2r@accuweather.com,cQ5_$d4MS`|!>,dlantiffe2r,4:32 PM,75
mhurdiss2s,5002321925,obugge2s@bloomberg.com,oK0~L_mj'B,kfuncheon2s,6:26 PM,42
esaurin2t,4097461591,deastgate2t@mashable.com,pK3>/!gv,jmacwhirter2t,12:47 PM,84
wband2u,0286340038,rnissle2u@phoca.cz,"qD9,,Gt!dLxTb+8m",bdjurdjevic2u,5:05 AM,87
kkmietsch2v,7720301811,vomulderrig2v@wp.com,uL8!kE!!$,zfeldheim2v,11:12 AM,2
fstuchbury2w,9434340004,amannix2w@addtoany.com,uU4=yH'7X$?,aearly2w,1:56 AM,85
apierrepont2x,8172278780,ccisar2x@trellian.com,wU9$V8\Z7`<A,umoscone2x,10:45 PM,95
vangrock2y,4600910451,vruffell2y@ycombinator.com,cJ8/ntj<\.Up,aseaborn2y,2:48 AM,79
tdarter2z,1618655337,dgilkes2z@rediff.com,yZ2?4KiaSMP,zkusick2z,8:49 PM,97
anilges30,4621241435,wolanda30@geocities.com,xB9?m10mLN(V,gthibodeaux30,7:20 AM,24
vroad31,9550549917,ofritzer31@google.com,kA5>iTZb,sjaine31,10:13 PM,53
llyte32,9957701096,cbenedek32@wikispaces.com,zB7#'grfY5{,adulin32,7:13 AM,59
odietz33,8136309728,bmcian33@census.gov,"rF4#lO,aiS",cmowsdale33,9:57 AM,20
mreape34,0391306383,xupsale34@unicef.org,rG0/oW)fG,nbonicelli34,2:35 AM,53
ncoggill35,6953943890,gwillard35@wunderground.com,yS3@uO?W2,mnewton35,6:56 AM,44
klanghorne36,3539300198,lflieger36@pinterest.com,sY4=ZQ+H,rgregon36,10:45 AM,84
nfulger37,2134527366,ntatteshall37@auda.org.au,kW3}/wSt=7\6{3,rhambric37,10:44 PM,68
jscase38,7099915126,tparidge38@msu.edu,sT2#>&<xs)AW,bconybear38,5:33 PM,16
dbergeau39,5472423309,mfinlay39@parallels.com,lI2/r_x*b,eklainman39,9:09 AM,61
mdellenbrok3a,3770171314,dbaldree3a@example.com,pF9`@Tku,sbehan3a,8:28 AM,59
dfigin3b,3588292144,lwickett3b@oakley.com,wF1.5O~t,mbuckthorpe3b,5:47 AM,62
dmccarroll3c,9302880400,autridge3c@berkeley.edu,"mQ3_v""=!2Fx",jdudliston3c,10:54 AM,78
nshutte3d,4325273980,eentwistle3d@bluehost.com,qD2/8#+3,gscoles3d,5:07 AM,33
gdamarell3e,3373270383,afarndale3e@t.co,zI5=QNZc3,gwillmont3e,8:03 PM,100
dyuryshev3f,4048406779,ckurton3f@amazon.de,dM8$f~l#,dbushrod3f,10:34 PM,95
rhallett3g,2914143109,pfincken3g@mail.ru,"bD1""IruwO%9/.o*\",yeard3g,8:43 PM,69
tdown3h,6610922756,sstanyforth3h@ebay.com,"xY6`,D?V(S",acorish3h,1:01 PM,40
poshiel3i,1651407207,berrett3i@craigslist.org,yX0_NM*>4,lbeden3i,10:41 AM,54
jsollis3j,8045001038,rrumney3j@cbc.ca,nC3+0_oLBP*n~,kbarthelme3j,2:23 PM,95
gadamoli3k,2624612114,arigard3k@mediafire.com,fB4+73z`l$,afincken3k,4:35 AM,48
croscamp3l,0030400082,jratt3l@umn.edu,cA7!bAPyqjn>=,hhammon3l,6:18 PM,16
ihellyar3m,9645852447,ngirdlestone3m@eepurl.com,"dA9*y!'ou(Vt$,c",mguierre3m,12:29 AM,76
khillitt3n,7781782410,bsapauton3n@vinaora.com,fI4~gZx|!Fwp~,bborrill3n,7:36 PM,56
jentwisle3o,0095058567,cerasmus3o@woothemes.com,fG1*/8(2,kcristofolo3o,8:05 PM,1
nwankling3p,9510539759,cdabinett3p@china.com.cn,"rD9%,8Wv""7LRe!",cmarkwick3p,9:57 PM,38
dpriden3q,1588449513,ctapson3q@slate.com,bU0.+4>=L49'N&c%,jdemorena3q,11:32 PM,46
aloughlan3r,1683647173,lkaveney3r@economist.com,uY7._2$\8@,sdilley3r,9:05 AM,57
athwaite3s,6271431313,amattiuzzi3s@issuu.com,"tK4/\|m\nb,6DPW'",leastcott3s,11:13 PM,4
skingzett3t,0267502796,eappleford3t@pagesperso-orange.fr,vQ8@yjNem\gUC,lrahl3t,6:26 AM,8
blangstaff3u,3172527379,tpariss3u@etsy.com,tG8_UNDQNSb,sarndell3u,3:03 AM,14
jjordin3v,7343933523,edunkerley3v@guardian.co.uk,dJ8$=}4{k5y5W,fspini3v,4:54 AM,34
lshevlane3w,4990359232,velflain3w@ask.com,aW3&+nazwG+Z,rkilgannon3w,1:28 PM,65
abaildon3x,5083112825,sjiroutek3x@tamu.edu,"qM9\tASKn_0,",gvanns3x,2:08 PM,36
dditchfield3y,6006346400,bferriman3y@simplemachines.org,uY1?#AOt'z%5H_,zmcilvaney3y,8:07 AM,27
wmclanachan3z,2569628808,ngavriel3z@wikispaces.com,cU8}Tb9\mKYKCQq,ccridland3z,1:44 AM,85
ieverleigh40,9827055356,ftreece40@slashdot.org,gD7?La/90ZQB,kalyokhin40,3:12 PM,69
hmartynikhin41,1108040993,aaugustin41@taobao.com,oV0<vn%eSig54p,lkalberer41,11:09 PM,21
sashfold42,0586912894,hbertot42@wikia.com,tU3?&xL\up}m&!,baizikovitch42,7:57 PM,73
mwhieldon43,5924786250,hkybird43@bloomberg.com,"gM2%""&""037/S#|",ehindes43,9:43 AM,81
mtomaszkiewicz44,0478415214,lmatisse44@mapy.cz,aL6`N*LW$Rw`25zK,sodyvoy44,4:02 PM,100
gahearne45,8640137781,mblanckley45@mozilla.org,eG3*CBvamfu|pd@},tgherarducci45,3:59 AM,14
cwick46,4953444477,cblakes46@europa.eu,wI3@q|31{,hdebruyne46,11:16 AM,32
btrevance47,7252778509,tgoscar47@topsy.com,"mT4`U""pgw.3P",cbode47,5:52 AM,60
yvasilchenko48,6197254794,djellman48@npr.org,"sQ1/,""O@Az}&oS.",bbarti48,6:27 AM,54
cderyebarrett49,1167080238,lpalmer49@gnu.org,qX1$z3pba,rlidstone49,3:11 PM,15
rwibrow4a,2231766213,vhandscombe4a@moonfruit.com,cH8+Sp4+l<w*,etrobe4a,5:10 AM,57
gallderidge4b,4368076508,hlongstreeth4b@miibeian.gov.cn,gK3%wPL.,cgrinin4b,3:55 AM,49
mdohrmann4c,9154917522,eferryman4c@trellian.com,"tT8""r$CCL?l|N+*r",aethelston4c,8:29 AM,16
clegen4d,6285195315,mdashwood4d@webmd.com,"mX6,8R""k~AGg.VR""",giskower4d,6:15 AM,87
sepps4e,4024868632,sjuhruke4e@zdnet.com,iU5+))|)mZW5,mhughlin4e,3:51 PM,37
mbroggetti4f,4702722271,twhitaker4f@slate.com,"aC0.Vb7""UYtICA",jvesco4f,8:26 PM,14
ppeller4g,3515910662,lwickenden4g@geocities.jp,nV4\*F?Xpg4,kbrumble4g,7:10 AM,7
pcommucci4h,4965511700,aday4h@businessinsider.com,"tZ4#xp,#wO}i6",fjouandet4h,3:03 PM,52
abynert4i,4541249545,efalkus4i@nyu.edu,"mZ9%_y+""'hQ`4",vsouthon4i,3:36 PM,58
spetley4j,7682267178,meliaz4j@cnet.com,hE2_CW4c0H71,lturtle4j,3:03 AM,7
jaspel4k,1315198096,rwatmore4k@google.nl,eF9'H|Eq,bhallowes4k,1:27 PM,27
jcleyne4l,1092273743,lmcilharga4l@webeden.co.uk,tJ6)1cg86,aroyans4l,7:43 PM,1
cjosowitz4m,7651650387,spaish4m@twitter.com,lZ0#AoVUxo,nhuke4m,1:58 PM,55
mdeevey4n,0619594071,nmcginnis4n@phoca.cz,"mG9}h""2)z_",rdelort4n,6:57 PM,83
lwilstead4o,9806864751,jmathiot4o@mac.com,eQ2}Vt<@??5xbm+?,kroake4o,3:23 PM,80
cdenisyuk4p,0630856435,rwoodthorpe4p@newyorker.com,sP2>.Z|<jz.,cbrunon4p,4:16 PM,89
savent4q,0305817795,kbernardin4q@utexas.edu,tI7_RsMe8,cscrogges4q,8:13 AM,15
rrowsel4r,6537219426,rsandom4r@accuweather.com,kZ2)R_Y|JdZBu,swerrilow4r,5:41 PM,40
arosier4s,7161308429,egapp4s@thetimes.co.uk,iX8#%gYL,mpask4s,2:28 PM,52
ahartin4t,7588518731,slande4t@sfgate.com,"wJ4,HLw(kz#",atrimmill4t,6:38 PM,62
spenwarden4u,9909763184,bmungan4u@uiuc.edu,"qE7,P+zpY44yCW`!",lwittke4u,11:22 PM,78
khasney4v,8217679746,jbowell4v@microsoft.com,iP6%PRKvZcxhp8,bwestwell4v,3:10 PM,54
dharrington4w,3811157957,bzavattari4w@wikimedia.org,hM1$iVMo|,rlovat4w,10:13 PM,1
dbuxam4x,2179445245,sstammer4x@yolasite.com,vA1%&NitqLOi*/,tcassimer4x,5:38 AM,15
llavrick4y,4995643346,jfulop4y@indiegogo.com,oV3=3Or=iss,bbulbeck4y,1:40 PM,57
gandrioli4z,3515222677,bbossel4z@amazon.com,cB4.QI$rp6%Cz_3,tpawlett4z,7:20 PM,45
lsparshatt50,2916843299,rrohlfs50@wisc.edu,bH1!*E1$jmvD,lcarney50,12:29 AM,30
dcowell51,7272037091,vcasado51@weather.com,xU1+)&v*f*5u,iredish51,9:35 PM,96
rverlinden52,3748870248,nkinleyside52@chicagotribune.com,"pE2/sTQ&1f8,L\'d",rgoseling52,12:07 AM,53
rtitt53,3425401483,jseeds53@issuu.com,uA2&E~vX0,pduck53,1:26 PM,74
cdominichetti54,8522242046,mreadwood54@cpanel.net,"hL4(J,?,Q6",elancastle54,4:47 PM,84
aashleigh55,2833281250,dbortolazzi55@wikispaces.com,oU8>SMRFrG%7'A,tmays55,8:03 PM,59
dmcruvie56,9148761567,tsivior56@webeden.co.uk,wN9+/5iEB},sbeckhurst56,11:25 PM,38
cmccaughen57,2477090690,rkeunemann57@princeton.edu,iJ4{A_cNr,mguslon57,7:10 PM,29
npevsner58,6509961776,cgouldbourn58@amazonaws.com,sV0~2=&>hc#r,ytutin58,8:53 AM,93
gbaudone59,3483578862,ocrighton59@liveinternet.ru,jK5_}=_9,qclashe59,2:27 PM,31
tgietz5a,4301437800,ahateley5a@reuters.com,aF0}.buoW,lbannester5a,11:41 PM,29
rblackaller5b,4667152885,zsilliman5b@lulu.com,uF2}KN/vs'4,garnold5b,4:39 PM,16
mperrelli5c,5189322203,mhynes5c@imdb.com,fW9@}X/X4Fa,nbreyt5c,12:12 AM,53
rgotcher5d,3645300155,gstirrip5d@bbc.co.uk,uQ9=S6Ckc5!,amcginlay5d,2:21 PM,55
sspridgeon5e,8043413363,narlidge5e@etsy.com,xJ7~5{yU0GE!H,pdiwell5e,6:20 AM,80
berskin5f,2130800882,nhann5f@berkeley.edu,qK2`_W~CAE,ahuet5f,2:04 PM,59
djordin5g,8804259922,scurrom5g@boston.com,"rJ8},JK@",nstrothers5g,1:39 PM,75
ktoyer5h,8011403710,kcuberley5h@nationalgeographic.com,fA4#?X5@vsBPB3{4,bpolkinhorn5h,7:42 AM,50
awhetson5i,3516172053,pbrient5i@etsy.com,zW4#=dV3<U_9qFMn,bknowlman5i,5:06 AM,16
gkingescot5j,3019082978,rbrideaux5j@t-online.de,tZ1_6o!Y4hB,pwilcocks5j,8:31 PM,80
jdumphreys5k,8548228202,ggreenacre5k@fema.gov,qR6>#WFjlp,rleinweber5k,1:27 AM,16
lcheatle5l,3286371394,falsobrook5l@usatoday.com,gM2*T702r,madamo5l,8:09 AM,76
ejerger5m,6954132888,tmordecai5m@reverbnation.com,pP9+z4DW,hduggleby5m,2:40 PM,54
yfaithfull5n,5425119038,mmaccoll5n@comsenz.com,wA3(*?(ef|2%m#V,dodonoghue5n,6:13 PM,23
dthwaite5o,7781946944,jtellenbrook5o@tumblr.com,eQ2)I1hftC`K{~>$,msnoding5o,9:30 PM,53
kgeraldini5p,8774901583,cfollen5p@hud.gov,eF9+By7z2Mha6<c,nmapowder5p,12:34 AM,82
kgerling5q,7414359840,bcrosgrove5q@comsenz.com,wX5!E2})%,sscolland5q,8:45 PM,65
mciepluch5r,5561895168,ovarne5r@wsj.com,"rJ2,eXQjd=",jcutbirth5r,2:25 AM,88
afreen5s,3908352371,acorpes5s@drupal.org,nL8#0hrm8(/?,aromaines5s,4:36 PM,41
ahiscoke5t,8612495024,svasenin5t@pbs.org,lI8=4qP8,lbamb5t,10:41 AM,22
jalibone5u,2526196116,tiiannone5u@smh.com.au,"pX3!%,J5&SG/}",kpurshouse5u,5:30 PM,24
bceaplen5v,8552330172,sgolda5v@blogger.com,aX6!I|yg{6k,scliffe5v,1:07 PM,62
mfaldoe5w,2339411602,jvasyaev5w@howstuffworks.com,"kL3.QToH,!",epavolillo5w,6:13 PM,22
sszymoni5x,2231863391,mmassy5x@npr.org,uP6?8\cW'Nj,sfearenside5x,3:25 PM,29
tcolby5y,9313773600,laleixo5y@wsj.com,pC2)'f1xf,vmaes5y,12:58 PM,27
fdorsay5z,7294600929,jdavidowich5z@youtube.com,"cE2.*b,Nr",lcushion5z,9:51 AM,60
smasserel60,6075463577,eshilvock60@e-recht24.de,nT5_C<%b)$sN.B,sjaquiss60,8:52 PM,56
cgrabiec61,8593145272,ilowe61@w3.org,"oS2`,TBIl",ssawdon61,9:19 AM,94
ftripett62,4663501621,clarchiere62@smh.com.au,qP1<{'xCog\,wbraidon62,2:36 AM,78
tgrimsley63,7737486259,chanhardt63@hhs.gov,vF9{@.`r,rdossett63,8:30 AM,35
bbrooke64,3289505332,epughsley64@ed.gov,zH3#NPJEmb+@Iy,mhannigan64,6:45 AM,94
eloosley65,0788028863,bridder65@msu.edu,zV7)Z9iNKYG`Ot,kkumar65,5:47 PM,73
zraith66,0866639365,fmcfaul66@nsw.gov.au,iT3#3WZM,dhugo66,5:19 AM,36
gchallenger67,3385025583,mridesdale67@cloudflare.com,kZ9.F(s\|cu,kgilhooly67,4:21 AM,18
mbunker68,1934065986,lpeyton68@umich.edu,pC6@J!7wn=g\XI,alefranc68,1:09 PM,33
tbonnell69,0957975481,jnewlands69@ebay.com,"eG6|~""XA01U5",rsmails69,12:23 PM,58
rglendza6a,9631480399,cdyet6a@japanpost.jp,hP1@8f\W,tpoutress6a,2:57 PM,37
mcoultish6b,1775808939,bglenfield6b@pcworld.com,qW4%Dc/=,mfearey6b,6:56 PM,48
hgrattage6c,2850116076,lgibbie6c@dailymotion.com,"uG0+<""r4V%BCqk",mvaen6c,7:26 PM,83
kinnwood6d,2375147979,llevett6d@fastcompany.com,lF4%nSZ{L@,rcruz6d,4:36 AM,71
tcrawford6e,2763472168,jgraundisson6e@homestead.com,fO7.>6rnoLkfhI,broussell6e,3:33 AM,60
lperrycost6f,2369717335,gfiddeman6f@pagesperso-orange.fr,aG9<ok3|@xF',ballsebrook6f,11:24 PM,4
nladley6g,6476838008,jandover6g@un.org,hU7<vOLIyQK_,aengland6g,3:07 AM,99
bocurran6h,5714893506,bgwinnell6h@amazon.co.jp,bK6'vt'G(QWz,lpiechnik6h,5:19 PM,14
vstopps6i,1186539259,lhenze6i@com.com,"rU8>gyE6S4,u4+",cnottram6i,3:39 PM,36
csazio6j,1701425092,zcawthorne6j@webs.com,rA5_1D~An8,bblakes6j,4:58 AM,64
mgiacoboni6k,2741430802,tpriestner6k@mlb.com,fZ6`u`y*(,cander6k,12:25 AM,88
jattaway6l,9037969976,dgravey6l@yellowpages.com,yM4.@Uo/#WV2$#,clanston6l,6:51 PM,81
bbente6m,9026426941,ukingsland6m@hatena.ne.jp,iI7!yWtjf,sgligorijevic6m,5:58 PM,55
syeoland6n,4403698158,rrameaux6n@japanpost.jp,"cM2>41|,yg09M(f",gspurgeon6n,7:52 PM,6
hparmeter6o,3712552319,cmathet6o@geocities.com,xG0\W1)bEu4ga,nkmicicki6o,7:55 PM,13
dmcdool6p,3310782727,mbarents6p@businessinsider.com,gF0_Xjx&p3,araddish6p,4:57 AM,64
hstilwell6q,6925291884,jsreenan6q@trellian.com,uW5}6!64`&EGokb,hturnell6q,8:36 PM,90
csedgebeer6r,1119345685,kgolley6r@linkedin.com,aD8%v_U$66C,uandrejs6r,12:41 AM,81
ywinsome6s,2730704663,kgillis6s@spotify.com,tM1@)oKa*nfT{ouJ,ckarlowicz6s,6:30 PM,83
banthill6t,0973942118,mhegges6t@nydailynews.com,"rS4@1,*`",ehassell6t,12:16 AM,17
xphebee6u,6802343096,tavraham6u@last.fm,wF9/pDm*ll~RA%Js,jollier6u,1:04 AM,65
lreinert6v,3668159254,dkatzmann6v@loc.gov,"tE6""k!rr5PK%E'd",mmeagh6v,9:08 AM,17
ggergolet6w,7770193621,kdowney6w@google.co.jp,"qX0,o?'(@sxru.",mdickey6w,8:20 AM,41
tmartyn6x,2535668807,pworshall6x@gmpg.org,sL4/X/llD\,gcraythorne6x,6:11 AM,22
ahallad6y,8219850159,asmoth6y@instagram.com,iY5@*.#+b)K68r,fpoles6y,5:14 PM,90
rbraunter6z,4038672247,mpardey6z@friendfeed.com,xK1%L{r=YQ=R&.,kbowshire6z,12:05 PM,66
mkelshaw70,4952319911,vibbitt70@google.nl,eL6#=lZX8,mtebbit70,12:52 AM,3
bwaldie71,3011680418,cdigan71@csmonitor.com,mD3)RN`F%fk0|gWd,sfranciotti71,2:55 AM,73
chayley72,4103249374,ltassel72@ucoz.com,lB6/ExZ#@+hrF,drubberts72,12:53 AM,48
cjanacek73,8625626513,epolotti73@tmall.com,"nC4&<kYGNC"".Ks",lviger73,6:47 PM,86
wdrable74,1804350893,bclulow74@lulu.com,eF1{>IQb_JGX9Gex,bscholcroft74,12:53 PM,60
bstanluck75,4523929882,acradey75@slashdot.org,gP4~U0z=A,lmarzelli75,6:01 PM,33
eganning76,3634472715,dkunes76@house.gov,kG7@WR#V\m,ckliment76,11:32 PM,70
rlibero77,2449922296,wcavalier77@mtv.com,gZ3\?(\Sz,mcount77,1:56 PM,16
psimenon78,1106031016,jbage78@tripod.com,"jB9,va"",,TggO",fdettmar78,11:01 PM,68
sstrike79,4521936539,jdenes79@redcross.org,kZ3!8laOjB&XIV,gseyers79,4:40 AM,1
chuzzey7a,6973946240,ehearnah7a@sbwire.com,aO6_(UE%l%1\NVy,lfellman7a,12:49 AM,76
egoldhill7b,5478130087,emccadden7b@i2i.jp,"jS8,`.'Wjo",rgallimore7b,3:00 AM,17
aeasey7c,2871781567,smizzi7c@nymag.com,hQ4+BbANnVM,pevamy7c,9:58 PM,39
eharhoff7d,1970841427,bheggison7d@yale.edu,yH4=T2%!b,cmoxstead7d,8:28 AM,75
vkittow7e,2571863347,dswynley7e@samsung.com,jB9{*k#guaf>%u=,dbattlestone7e,2:47 PM,20
lsteane7f,8902216195,mleadbeater7f@prweb.com,tJ6>!\NosN,boconcannon7f,11:50 PM,36
efair7g,8467322144,mgowthorpe7g@linkedin.com,"kK9=,)c8PH3swh",mgianinotti7g,6:24 AM,53
clukasik7h,5651869174,ninnot7h@theglobeandmail.com,mP6&n/oz6%X&,dstilgoe7h,8:54 PM,26
grougier7i,1107525330,hlongbothom7i@forbes.com,"rZ9""L`""&)8O)3Aim",espurge7i,7:41 AM,1
bdunkirk7j,0776071815,gdurbin7j@gmpg.org,"kZ9!nU@5P,@k7K",hdenrico7j,7:03 PM,57
hstaneland7k,9659897227,kfayter7k@example.com,iO2)I+b!f,mlavington7k,2:38 AM,32
kbothe7l,8232277556,label7l@toplist.cz,bQ4`P#*@,ctappin7l,1:02 AM,32
cletchmore7m,6118147647,uforson7m@vimeo.com,dS3>&0H0WCt,nramsden7m,12:33 PM,12
cscoular7n,2896673148,cfrances7n@jiathis.com,uQ6!(op4s,jtrowle7n,2:07 PM,57
svossing7o,6042828592,stoal7o@rakuten.co.jp,vU3%jr5T,nkimmel7o,4:24 PM,91
mquince7p,9014736452,apidgley7p@time.com,"jE1""'|4mSO",dreightley7p,6:46 AM,23
nkopfer7q,4341475878,egrunwald7q@go.com,gD3_eY9f,dswalough7q,7:09 AM,28
rkobus7r,0644503033,dkohn7r@purevolume.com,"cY5<#6.""$8&QP.?+",pdickson7r,2:26 PM,99
wbackhouse7s,4844153307,jharkins7s@skyrock.com,yP3&V|*VX4TD}4,wkosiada7s,2:56 PM,93
pkermit7t,7785670277,bevers7t@sogou.com,uT6{7<n?%f~T<aZ3,gtolotti7t,5:40 PM,91
asandey7u,2632753708,lcaron7u@phpbb.com,gQ9&6rs<{}W,gvasyagin7u,4:22 AM,6
redgar7v,4482873462,spanther7v@nyu.edu,kC3%(ZO'n!c<(ep,pcatherall7v,1:04 AM,33
gupstell7w,5299535007,jpodbury7w@hud.gov,"jP1}""Htx",elunney7w,3:25 AM,95
shaysom7x,8988553624,lbront7x@bloomberg.com,fB0==ZI|ZZ.e,gallam7x,8:07 AM,3
jphilipart7y,2135354724,spiotr7y@privacy.gov.au,aM8.XGdG.B}Yg,umayling7y,3:18 PM,66
wmidlar7z,9993294705,tkelbie7z@github.com,kQ8.VG4H_,hhickford7z,5:08 AM,50
ajewkes80,1421723646,dtoplin80@sciencedirect.com,tM8!o$lm5.Q,emccue80,8:26 PM,9
smacgorley81,5040962258,epashler81@chicagotribune.com,"aW5~oz{6U{5),hF>",smorville81,10:21 AM,82
dthow82,2652840088,ndrinkale82@dyndns.org,"tY3""j9hlRW/K",dwhichelow82,8:04 AM,52
smacintosh83,5656875601,aoregan83@barnesandnoble.com,sN1?ze6#*T,dgroveham83,1:43 AM,37
klavalde84,1534073574,fskipper84@lulu.com,gZ7>vW&in!2wK$,fsmorthit84,9:59 PM,100
ebusfield85,7428373468,vdanilevich85@booking.com,"sA5\y>@$L3J,Uuu=",dblant85,3:11 PM,10
twalsh86,0636897699,bsmitherman86@sciencedirect.com,yY7'V|9(A,ddroogan86,3:17 PM,91
fsreenan87,1352762641,cshury87@mlb.com,sW6%X}Pd{odi7,eeverton87,11:49 PM,2
abanisch88,7912406336,esturzaker88@delicious.com,"pS4!ERSEou,lOqC",kverrillo88,8:26 AM,32
cbaldin89,5269968401,rsenn89@fc2.com,cN6|_2(pb79FP,pbraganca89,9:35 AM,94
bmarwick8a,0610701630,rkyncl8a@icq.com,vR0(rrs9B,hknee8a,2:37 AM,44
cguildford8b,0069686300,bkezourec8b@livejournal.com,"aF8.Y""#dNKJLn!D",ndrewett8b,3:59 AM,12
thadleigh8c,4162934932,bjerg8c@list-manage.com,xD7?S~R1KFULN,jhullins8c,2:17 AM,63
rcarwardine8d,8577516180,agossage8d@chicagotribune.com,"fZ5?$#81$f,hDq8_",ijosilowski8d,9:50 AM,17
hbigmore8e,7913886781,lguenther8e@nba.com,"nX2""#Z1zRm|",dblockley8e,1:37 AM,56
agaitley8f,0919895905,acaffin8f@google.com.hk,lC4)%DF0CNOg/,mfallon8f,12:57 AM,68
tpartkya8g,8567352045,salu8g@salon.com,iF4}QKc?Cp=,dcromar8g,10:38 AM,72
dwalls8h,4414360633,epumphreys8h@toplist.cz,"qQ8,GeOm",zselwood8h,9:34 AM,56
nplose8i,3198006295,vstronack8i@surveymonkey.com,oI3|BfUZF|5n,sgillion8i,6:13 AM,67
lmayston8j,7435306975,oglisane8j@nytimes.com,nK9)`ewoCO5CJ,dgages8j,2:29 AM,10
llitel8k,4100468946,cpowland8k@exblog.jp,kV9/Au1rb`Rwt!fW,mearpe8k,4:06 AM,69
kdinisco8l,3228990664,cjerrom8l@sakura.ne.jp,bP7(uyLs!,gmclice8l,6:24 PM,16
omatityahu8m,0960856595,amcneigh8m@blog.com,cP2#w6AC,fspenton8m,10:09 PM,93
aeves8n,2083913132,nomrod8n@europa.eu,oL9<1E>F4,kmennithorp8n,1:18 AM,11
rlening8o,4891992654,imcnaughton8o@pbs.org,gW5#3D@u,beggins8o,6:29 PM,5
lgothup8p,4437451236,ggreenman8p@51.la,mZ4/o&$@Gc,cnelthorp8p,9:08 AM,46
jsidwick8q,4644511668,vcapaldo8q@usa.gov,kH3)#1/|\R,phanratty8q,8:10 AM,31
cbeddingham8r,2814346040,vdominick8r@washington.edu,sR3>#C~LkH,cclaus8r,3:53 AM,3
hblasiak8s,8135028318,wparkisson8s@webmd.com,pF2\El/K5D=%xM,lsingyard8s,8:56 AM,49
mmcquilkin8t,4253311709,olaurenty8t@va.gov,"jE1<""3""VH",jtyrrell8t,4:01 AM,60
kwycliff8u,8412493133,cmacskeaghan8u@washington.edu,aC6>6{{(,alagde8u,7:16 AM,24
fmessier8v,5375385341,mlorincz8v@feedburner.com,rT2?_U+%BbsN=yNU,aharford8v,7:58 AM,67
cvenediktov8w,1851563091,mschruyers8w@cbsnews.com,sD3#$RQA6Z1Zn@,lsher8w,3:46 PM,64
kwilleman8x,2150573946,edulanty8x@house.gov,zE6&wfnJ,pgalland8x,12:52 PM,19
kberggren8y,8256989629,hhobbing8y@rambler.ru,dC3=V.)1,jjamot8y,3:48 PM,95
meverit8z,6148184176,rbouttell8z@icq.com,dJ7)9~57%r@6,elademann8z,6:05 AM,33
aithell90,2008279383,jdetoile90@webnode.com,eU6}QCvx)0|VTFKg,relijahu90,10:53 PM,20
csandbrook91,6891570751,dpimmocke91@cnet.com,bM3@LNheB1L}y,gmerrick91,4:46 PM,99
ldorow92,0919321356,ctofanelli92@elpais.com,qY8`Y'u(g,rgambrell92,8:23 AM,86
bkilroy93,6991180335,dtampin93@nature.com,kB3/>hMmp%2|%,pcherryholme93,10:25 PM,68
boruane94,5820530535,sallbut94@earthlink.net,pS3>no~+u2,idearden94,4:39 PM,86
hkewley95,0688518370,srabbe95@harvard.edu,lT4%ADx$&,acolloff95,10:09 AM,52
cburk96,8774173707,gellwell96@stanford.edu,lI4}SIp>pQL@e,blangworthy96,9:26 AM,66
scroal97,7126793839,rslorach97@a8.net,nM3%PTV5edfbxA*,alindfors97,3:33 AM,60
hthorns98,2853185362,mharcus98@cocolog-nifty.com,qE7%t92XVUY,rsciusscietto98,10:45 PM,3
jgossipin99,5707597662,rlesley99@pagesperso-orange.fr,nS6?j0KaUs0otg,pgeldeard99,2:08 AM,4
amcbain9a,6137268454,jgirodier9a@dmoz.org,"uH9%C,B\p5DP",cclemett9a,3:13 PM,8
eplews9b,3895026956,gdeluna9b@slate.com,lU7@DeOdHe=h%Bh,ggiacometti9b,2:06 AM,19
msvanini9c,5380517668,chaygreen9c@qq.com,"iG4@Zh3s9""Go(L",bantognetti9c,4:20 AM,92
bharrismith9d,1075647061,gclymer9d@marriott.com,yA6|q&CARE)=~,shamments9d,10:27 AM,25
ucleugher9e,5842832984,ipickford9e@quantcast.com,bS8)(_4zF,lmorad9e,4:13 PM,69
acyseley9f,0324404271,jbletsor9f@vk.com,mG0>8q_T?ol6uj},gtomasoni9f,3:39 PM,93
mubee9g,7598572909,ggrahamslaw9g@bizjournals.com,hZ3)cr<I)!w,jscirman9g,2:50 AM,81
arisborough9h,9078270381,dwilce9h@networkadvertising.org,aJ3/5bH}1*Ue'0,jyandle9h,8:06 PM,21
ceusden9i,4049180707,goliver9i@merriam-webster.com,rT5(Ue8r,kpedrocco9i,7:57 PM,82
cgother9j,4244333673,rdegouy9j@photobucket.com,"tR5\z`k,flISFM*",ttempleman9j,11:16 PM,100
bcottam9k,6990689366,bblackhurst9k@feedburner.com,bD2+YxjS477p@)O7,nmurricanes9k,7:19 AM,10
klemery9l,8068638229,vbrigham9l@engadget.com,kA1!Dq7!,bohms9l,4:27 PM,1
iorts9m,4095984856,tlacrouts9m@wunderground.com,yK2/e`x?,tstitt9m,10:36 AM,33
cdundendale9n,5254831022,jkattenhorn9n@reference.com,vC9#%fn*9puY2|,cdene9n,9:58 PM,53
pnortunen9o,5079524448,sgoldthorp9o@answers.com,gB6/Km4ir1,oninnoli9o,12:14 AM,15
ekingcott9p,9358078510,kshemmans9p@barnesandnoble.com,lL9&K(a}t_N&,dtimmens9p,4:58 AM,95
cmannie9q,6184419072,tkidner9q@google.it,"jP8!f#,j",hcalcutt9q,2:00 PM,67
eesp9r,8662119980,mdavidovsky9r@twitpic.com,mJ4)d1g8,eamner9r,9:16 AM,11
ddegoey9s,0849899214,alewing9s@bluehost.com,eV6%tFj1qw`ggU3t,gmercey9s,9:52 AM,51
aweeds9t,3040988832,dduberry9t@dedecms.com,nU0/2IMB7YEe,cheathcoat9t,8:08 PM,93
cdibatista9u,0921559607,rhamil9u@whitehouse.gov,oD3*5@i=,smewes9u,4:02 PM,41
mblannin9v,7296950897,tlevensky9v@oracle.com,"uZ3+Z,+'8V*",agreguoli9v,12:06 AM,31
iadamski9w,0235681342,mparamor9w@example.com,tU7\)9||x,jbroschke9w,8:00 AM,42
tbulluck9x,6385631540,gflintuff9x@dagondesign.com,zG5&J`cq9HShr,cheaps9x,2:47 PM,48
erix9y,0033451184,yganing9y@technorati.com,"pE5{UXl{/,e'Jf",amccuffie9y,1:49 PM,75
cgourley9z,2901912125,vbirdwhistle9z@friendfeed.com,bV2=\'%TM4C%,fdionsetto9z,5:45 PM,52
vshearmura0,7880585397,htolcharda0@wix.com,oE7)/v8'),mdavidya0,1:21 PM,70
pdownsa1,6648142502,vwoltersa1@nytimes.com,eH9|Wb1lDS4V<N%,sbordmana1,11:02 AM,98
gloranta2,3935497830,pobispoa2@example.com,"wR8""hquyTBRDHaLm",tschooleya2,12:59 PM,63
schurchina3,0297463128,cbowlda3@columbia.edu,jJ8<UH12c'Am8Z,lgieroka3,2:07 AM,96
wnormabella4,5280899895,rchopina4@multiply.com,gK1}n~Pyr,imolda4,6:05 AM,66
sludmana5,0144116421,mancella5@cbslocal.com,"vX1,<1_4g",jgladdisa5,9:35 AM,14
adionisa6,6202540214,ariddlesa6@time.com,yG8+5CPlD,lugolottia6,9:45 AM,6
nwhitteta7,8736259365,sdaousea7@ihg.com,"xX1#=""hT$#3EY9",eboora7,8:56 AM,96
lmuttona8,0967835577,welegooda8@github.io,bG9<KQec4,wstonuarya8,6:39 AM,7
malexsandrowicza9,0978833910,klonginaa9@creativecommons.org,"zG2,_H.mR",hcanningsa9,12:22 PM,15
bgleesonaa,9026550073,fbrammeraa@t-online.de,fV3`ZQYg$y\yD,estothardaa,1:42 AM,30
dcollecottab,0457711159,bjerkeab@reddit.com,oJ2}alnlsJaEH=,bmerrellab,2:51 PM,90
nmcglashanac,4993220952,ipriceac@xinhuanet.com,"cG0(=g<lV)e""<'",ffosdickac,12:29 PM,83
sstockad,2534424440,pgresswellad@marriott.com,"rE7/S0aV'""n",lwailesad,9:18 AM,71
sbrianceae,7468907226,zconeyae@ovh.net,cN5$ci8RkJv,rmckleodae,11:01 AM,48
smartensenaf,8155457974,eaddersonaf@stumbleupon.com,nN7('bM?$r?p}Xz\,hbewickeaf,1:59 PM,57
gstorrarag,7644223355,lbookerag@imdb.com,bT8+llzXt6,rmccolganag,12:00 AM,28
aguilaemah,6693217087,fklulisekah@seattletimes.com,"fJ0=,Vs#",aculkinah,5:38 AM,23
gpembryai,6748872820,mstaveai@aboutads.info,pY5/u7}CBK&Nhi%,tgippsai,1:24 PM,50
fissittaj,8000031302,apierceaj@plala.or.jp,dV5.bV9?!vm~7$,mpaulataj,1:18 PM,14
cguietak,5342293081,drussellak@google.es,eR2(P(2.Lo<Rn,bcocklandak,8:13 PM,29
kgorstal,2844559603,cmagnusal@desdev.cn,mO1|D!@}(@jMq,tpendockal,11:45 PM,28
hmckieam,4161123302,fwanstallam@cyberchimps.com,qI0_2iN/8,adabinettam,11:22 PM,25
bgawithan,2091582832,ddoulan@miitbeian.gov.cn,pA6{*y2gP,tgarteran,6:44 AM,8
iclimoao,1969064811,rwordenao@yahoo.co.jp,uS8*1OvNAsm,glafuenteao,4:28 PM,86
pangroveap,8853903554,tfiggessap@wikimedia.org,oB6}Z_H.c,pharborowap,2:26 PM,41
baldermanaq,3468446810,wladellaq@toplist.cz,"gI8+r$8',?hJ$RA",bjoscelinaq,10:37 PM,5
npyffear,7854504547,zcolkettar@newsvine.com,pD6#bV@<0t,dvaszolyar,8:25 PM,27
sgrubyas,3144883840,gbeidebekeas@nature.com,oU6(3Oj\,sluneas,8:08 AM,93
tarendtat,2914497652,qawtonat@ameblo.jp,pK9.{G&FUzrPs,kjedraszekat,8:30 AM,45
bhollingsheadau,6828291689,rgetchau@nyu.edu,rK3<\EaapUVad*/C,cmakiverau,3:03 PM,10
mrabbittav,3616506174,ltearnyav@state.gov,"kN1{1.""?l(,Apd",asibilleav,2:31 PM,8
rferrinoaw,2193413428,znieceaw@wsj.com,cU4>i{+\b0eIjWe,fgettensaw,9:14 PM,31
tbullanax,3267075262,lolivasax@cloudflare.com,dQ2?L%+0Z),yhorbathax,9:45 AM,35
jgreatorexay,6688073196,grawlinay@sun.com,"cT8*O,jdPK!P",astoboay,6:23 PM,91
lfarringtonaz,2397850834,odigiacomoaz@redcross.org,sS6@E7JSlkn8~,kmasselaz,10:07 AM,52
jkevernb0,1437919197,hpayntonb0@cdbaby.com,zQ8(ohs|!,imillardb0,10:37 PM,30
mmountfortb1,0961582278,jbartalinib1@sohu.com,iN6@j\5aWpK~=,lgeraghtyb1,1:53 PM,51
klyffeb2,2765569312,ahundleyb2@ed.gov,vP8.eKYUlL}cw48T,tlasseyb2,8:25 AM,17
fjanewayb3,9628932462,tstartinb3@guardian.co.uk,bM4#t&k}Ob?,lerrickerb3,12:18 AM,21
oadmansb4,8990203988,scanfieldb4@typepad.com,qG2$zpQ)D,ekeelinb4,12:08 PM,42
wsalamonb5,9943273712,remmettb5@jimdo.com,eW0#FEb2(<R,jeyesb5,10:01 PM,42
phamblinb6,0315554045,cetheridgeb6@wp.com,hX0)/yoBL&,mharbisonb6,11:41 AM,16
jjobbinsb7,7304068175,lsloyanb7@exblog.jp,xR8.CAU@|,dmelsomb7,3:30 AM,54
ravramovicb8,8924479466,esimonettb8@trellian.com,eT7%J4BfO?c_\qNb,ccommonb8,9:18 PM,42
twroughtb9,4747696024,dbawcockb9@opensource.org,aV0/3/jiKJ0&,araisherb9,9:23 PM,8
hshanklinba,9006255408,vwillartonba@printfriendly.com,qK4~q1YX,kfostba,2:53 PM,61
gwinchcombebb,3512712290,iplentybb@rambler.ru,gS2~yqx*7!,taberdalgybb,12:31 PM,1
fwightmanbc,3210821380,mbawcockbc@howstuffworks.com,kR4+mgB5?D,rchalmersbc,11:08 AM,78
mklulisekbd,0909974969,fgarthbd@netvibes.com,aB6=vPbK&#em_q,dberrygunbd,10:10 AM,28
dscarffbe,9637293698,dbeldumbe@etsy.com,rB4/@!pIZ~zSj&HM,ledisbe,7:56 AM,95
nbaksterbf,1209578247,jbotemanbf@github.io,"zE3""ARNI'L!JR}|v",jneilandbf,7:59 PM,98
rmolineuxbg,7520092410,crickcordbg@google.co.uk,zE3\=0Tsy,kmarlorbg,1:04 PM,50
zmartineaubh,9319623376,hmccleodbh@alibaba.com,lK8$NIya8ui,sbatchbh,6:17 PM,69
dfollettbi,3119021555,rtreweelabi@amazonaws.com,"zC7.>z,cvZzzsjEK",ftansleybi,3:14 PM,95
egadsonbj,5259684141,kkingswoodbj@vk.com,vH3>3*8*,ivanderkruijsbj,4:59 AM,100
tpoynorbk,4079383010,dcromiebk@1und1.de,kW1$HlnD\JY*h8e,cdearnessbk,9:04 PM,18
aodabl,8098183327,anazerbl@ifeng.com,zL4#|HuYyD5*,widabl,3:41 PM,42
tboultbm,9425176531,sseidebm@cafepress.com,uV2=h$)sc>|B&&,mpanasbm,9:05 AM,57
pcleugherbn,4162997292,grosbroughbn@constantcontact.com,gX5)/{LpuK,aiacapuccibn,4:44 PM,29
dsooleybo,9778215057,eaustbo@wufoo.com,pT5}jR5CWJf|,mwalbrunbo,11:42 AM,94
wmaffiolettibp,3142733582,oantonomolibp@oracle.com,yP5=bydO<SP4Ru\,jsibyllabp,4:27 PM,34
ecrocroftbq,1241263388,chaskaynebq@facebook.com,fV7?*zqc65!,gdarlestonbq,3:06 AM,91
toconnollybr,3677647088,dstaddenbr@biglobe.ne.jp,"lO4~Go*""d*5qG",rbrusterbr,12:42 PM,96
tgregolinbs,1836481705,afranciottoibs@google.ca,"aD0|5pv~Q""e<X",djeaffersonbs,7:14 AM,55
cfranzenbt,4556682436,bhuardbt@squidoo.com,"rZ1,0Qm6M<t(zN#T",msalvagebt,4:23 PM,31
jsikorabu,9657865514,ccopleybu@squidoo.com,vE9|l+!_Y86XSG,dgudebu,1:15 PM,68
ebridatbv,6910581210,ubuckbv@aboutads.info,"qE1""8!a*FoEsyl",hblewbv,3:48 PM,12
dburkebw,4228067697,alamminbw@google.com.hk,fO3`#vZ*iW<*h,kpeticanbw,8:24 PM,6
agatlinbx,3530378925,rtodhunterbx@vk.com,jW6*dgZltx,sdyhousebx,5:47 AM,48
tedmedby,5132868061,cgittingby@seesaa.net,"vM1%dc'.""|@n$yq",hskeeteby,11:33 PM,14
cchallissbz,6332030453,lgordenbz@dell.com,sO8+X+FF=v$AD,mkirbybz,11:25 PM,66
lminocchic0,4509754833,mewerc0@google.com.au,pA3}aW(IRE2,twrankmorec0,12:24 AM,59
bbevanc1,9582062681,bmeachanc1@mapy.cz,lO2*l!H.oQN@k?,agawthorpec1,4:48 PM,72
prainsc2,1191280098,ugreatexc2@intel.com,gZ1@y@E.,crosenzveigc2,11:29 PM,43
rtrippc3,6167491488,dblackbroughc3@harvard.edu,zL2|0alT|b|q,dcarolic3,9:54 AM,68
cdallemorec4,3076929836,ebetchleyc4@arstechnica.com,zE9#PiPe5PU,cnancekivellc4,5:14 PM,32
cfennickc5,0898773660,inelanec5@blogs.com,eC2$'9}})l9y92},mmauricec5,1:10 PM,62
rmasselinc6,4311239262,gfettesc6@europa.eu,yV0\>~)Q##g,jpaddickc6,3:28 AM,85
wkinnerc7,3367623938,abilbeyc7@domainmarket.com,"qO1/p""8n2tFHR/",vcoughanc7,4:07 PM,83
vknappettc8,5379298680,jdeverehuntc8@symantec.com,iO1&TRL<CuMhDE,ggarfittc8,10:10 PM,43
tmacgillivrayc9,1193714125,myvonc9@google.com.au,"rX8@Gm0tm22@+""",bdarwinc9,5:07 PM,83
twellsmanca,4427649947,erussonca@bizjournals.com,pZ5|V/_W1YP{BSX3,jdukesburyca,3:57 PM,60
feakenscb,3933123259,atwinbournecb@psu.edu,yW5>fTcXj5rtG&g,cloddoncb,5:29 AM,81
kmutchcc,3544657104,fjaggcc@bravesites.com,nY3%{KK4orQ=(n,obavagecc,12:35 AM,13
caugercd,3697280457,ceasencd@theglobeandmail.com,wN6?V&?)NNA,apringuercd,5:41 AM,9
dbrodestce,9660387784,rcheccuzzice@ning.com,eC6/C21DQ6r,skiebesce,2:48 AM,55
sscedallcf,7317292419,edeglanvillecf@sciencedirect.com,tN8/CmuA!_Pi8'9,dwillattscf,12:00 PM,31
kwraxallcg,2383512923,jrobertocg@creativecommons.org,"aB6@""$1Y*`c",acanbycg,5:16 PM,27
lanfussoch,6686867632,ebloodworthech@aboutads.info,"aO7.Zyw)f3""Dd",mtrittonch,8:45 PM,31
kborrettci,2218483254,ydisbrowci@friendfeed.com,bK1`{h$j,gcondyci,12:25 PM,21
sarmisteadcj,9776351999,raddenbrookecj@ask.com,gS5+o&fw/zN,glundbechcj,8:17 AM,79
oaronovichck,0203772954,gmcterrellyck@netlog.com,vK9}XSI.2rQx,jblakdenck,3:08 AM,56
wclenchcl,9427841001,mswepsoncl@guardian.co.uk,lB2&uYWV%g3X&z,acanetecl,12:10 AM,78
jcotacm,6332721596,ibushecm@jigsy.com,pX9*)ifb@*x,asolwaycm,6:29 AM,1
tbernardeschicn,4324703809,bmccannycn@goo.gl,"sG8""+.K.tb~j*",esudellcn,6:43 AM,66
bkeilingco,1767364016,mmunnsco@ow.ly,rP1_XuszY,pbonnetco,8:59 PM,69
kkingslandcp,9989520933,imackiewiczcp@is.gd,pP7_f((ZW<B%T,rdunmuircp,3:50 AM,47
rdambrosicq,3156906441,bcuttscq@vk.com,qM3(vzl1>(Q(3,eantonichcq,7:46 PM,66
jstedallcr,5433481913,lfreeburycr@spiegel.de,nQ4&q(NX'hB_CGXH,crourkecr,10:54 AM,58
phuntarcs,6997138675,kkondratyukcs@meetup.com,"uE2'""o0{",dseercs,3:34 AM,52
bmastermanct,8119175646,gstorckect@google.com.br,"sK1=z8%}*C#|Ufl""",aduttct,1:36 PM,28
aduckettcu,1324500816,ahyamcu@washington.edu,yE0$D#>{cAp{,bbunklecu,12:33 AM,98
ljoselevitchcv,7867264450,nreckuscv@sourceforge.net,lX1=}a1==8)#)Aq|,oforemancv,1:56 PM,66
bcortescw,6779946737,hgreedcw@gov.uk,"hY0',,Fh5OC+",kblethincw,1:30 PM,43
tetteridgecx,9533664355,vcapstickcx@aboutads.info,"yI9!!+R't7""",gsleetcx,5:38 PM,76
skohrdingcy,3794743598,ykempcy@theguardian.com,fI3?Tv0)syH,ktantrumcy,10:22 PM,41
eshippcz,4347566816,npettscz@gizmodo.com,"hT3}pSWARrE,KOrW",csmullincz,7:11 AM,44
sgiroldod0,4242292716,ecardinald0@domainmarket.com,tD0')x#DV066,tmclaed0,12:00 PM,25
hpeacocked1,5705378645,bmckeurtond1@macromedia.com,oR3)s4e<2SaNp6S,kwoofendend1,5:40 AM,74
kfilgated2,7104804439,mgreatbankd2@canalblog.com,yP8}_V<D5)ed,speled2,5:17 AM,32
jyeuded3,9624178372,hinklesd3@free.fr,jA7#Y2viKtwbRZ/a,lrussend3,7:34 AM,1
rmarsdend4,7565976342,cspeekd4@hud.gov,xH0`M'7vTA+mIzum,aguysd4,12:39 AM,36
swoodardd5,9064816972,drillattd5@instagram.com,tE6'VjY\w,rspringettd5,8:23 PM,45
kdevond6,7703776203,awoodrupd6@ifeng.com,nH2$H=(i'i3,rsnashalld6,10:39 AM,20
vpullend7,7448610554,cdemezad7@smh.com.au,vE0*BA}yjY!,avickermand7,12:49 PM,55
pminmaghd8,3471163352,tpowd8@mozilla.com,"nU2""Qe'""2MhA+5GR",bpressmand8,3:56 PM,78
lbayned9,1677631082,mlambertsond9@ezinearticles.com,iK3)R'e*fXd,bcrained9,12:00 PM,51
ssailda,2405299070,ibelhamda@angelfire.com,bU6/wQp`nl{q,knaiseyda,7:12 PM,29
cfokerdb,9155812732,bcalafatodb@flickr.com,gB7)Bo%iA,lmompessondb,8:17 AM,39
tfairdc,5401977107,dtwistdc@cmu.edu,"cL9=""ea+/ZCQ",zabbottdc,4:44 AM,12
apouldendd,0569277094,mbachshelldd@storify.com,pU5*&+Y8q4+,lbentzendd,4:09 PM,29
znutteyde,3031807243,mcaddiesde@plala.or.jp,zU5\#hr{cjp,afloundersde,2:52 PM,88
afeitosadf,5317174333,mmacgorriedf@ning.com,oO0+G}}>olh_n,rclapstondf,11:27 PM,44
zvogeleindg,0165761407,ekintondg@e-recht24.de,"cM8+,%0>1Pm$gd",rphilipsondg,4:05 AM,17
kklimkowskidh,2735998584,kdiblingdh@ebay.co.uk,mL6'(OL~>(J{&p},nnortcliffedh,8:54 AM,71
fpibsworthdi,0887626874,lsmedmoredi@hud.gov,"dF0=""8V>py",afermoydi,11:14 AM,43
farensondj,0364374241,hkirschdj@ibm.com,eH3#WR<@EUzN,rcourceydj,4:34 PM,48
mpepparddk,9183751203,cmacinnesdk@addtoany.com,zE2$nN&d|2BYZ!IR,htukedk,11:26 AM,20
bshottindl,9849551267,dclawedl@prnewswire.com,zS7`5/YkaFx,merridgedl,11:33 PM,69
aliddicoatdm,0752556029,wjephsondm@nature.com,"jE2&&H@o{yWq""",cfontelldm,1:34 AM,56
sveyseydn,7942857395,kdonndn@umn.edu,bT4{)Yv7p7KP3G!=,mgardendn,3:28 AM,59
vcunddo,8785206989,aangovedo@whitehouse.gov,lG5?@gRR3yi\,raguilardo,7:52 PM,8
cdeesondp,1354690427,eparbrookdp@youtu.be,oA4<>$B$%8#cJBj,rgregerdp,3:06 AM,56
dmouldsdq,6038890203,mbottlestonedq@senate.gov,aF1|A@WaQ=VKB5,tmeelanddq,10:55 PM,18
parissdr,2504216629,ktullydr@wikimedia.org,"dH9,#?Az{Av>",twhittickdr,11:11 AM,59
fgozzettds,2920641689,anewarteds@google.pl,"kS9'$pQC,F",bkeenlaysideds,10:25 PM,8
egrogerdt,2452849375,nrameletdt@unblog.fr,qO4%bODm78tK,selfittdt,8:07 PM,22
wstraindu,2720001090,ealdinsdu@technorati.com,bY0?jJqR,aburkittdu,3:18 PM,6
hdarkottdv,9062001769,plavisdv@baidu.com,bK5}GxYs?,kboastdv,12:57 PM,71
fdoveydw,0873548892,abrumbydw@dyndns.org,pH8>etQY{z_i&,lrodolfdw,3:26 AM,42
lmarsydx,5755333696,mbeltondx@gmpg.org,kL1'&qxPm<#vJvp,mdosdelldx,3:36 PM,1
wprentydy,1623881196,abaverstockdy@engadget.com,wD0$Da.wM\,nenriettody,2:56 AM,2
dtreleasedz,8609980820,sskeffingtondz@cisco.com,gR5<\<RI_NJ3,cjoedz,3:27 PM,89
aephgravee0,8878770507,iwaddamse0@i2i.jp,vF2%$iE@!t,rwellarde0,1:47 AM,7
kfalke1,3591917923,rgovee1@imageshack.us,wD5!((>I,hspaicee1,6:48 PM,24
mconforte2,8865473908,esawarde2@yahoo.co.jp,"rX1,7+wf|h,",sbannarde2,9:05 PM,92
tpriddiee3,9871932855,bkraute3@wikia.com,sQ1}f*NYrJo,swyville3,12:45 AM,7
mbenedettie4,2214264752,mbourdicee4@google.pl,eB9|0(HhL),lrismane4,10:24 PM,32
kpapise5,9099729537,gstratiffe5@bbc.co.uk,hL8%+D5ec#\K0<Gr,kmatschosse5,10:39 AM,94
amawbye6,5990515111,mortelte6@goo.ne.jp,fO2_XtJ{mp.,rloadwicke6,7:26 PM,52
dredfernee7,9376982185,grainse7@de.vu,wN9#HK`ybrsJ,cpoultone7,10:56 AM,81
nputlande8,4506438612,zmacbeye8@tinypic.com,nI3_?DG*c*,dgoodyere8,7:57 PM,61
dastlinge9,9887257583,jnaisbitte9@infoseek.co.jp,aE0(}siVI8dfBf,lreuvene9,4:06 PM,81
cgianea,6704964703,bcoulterea@unblog.fr,qD6{8n3M<,pbischofea,5:57 AM,9
hmccaffreyeb,0659619598,lboribaleb@alibaba.com,qP9=4@)Qi#0A,curioneb,10:29 AM,89
tperottec,6557990373,crenzulloec@cnn.com,eU3&.zPR*{p*5p?,ppozerec,12:21 PM,28
cfriedenbached,4915901033,lkeeganed@sogou.com,"lF1,|OPC",ibiddyed,5:23 AM,72
cdoddridgeee,1364219018,kitscovitzee@symantec.com,nQ3>#DyK,bstiveee,5:02 PM,78
rschimannef,5999833620,abalazotef@mapquest.com,nE2&|2jGYS,wcreaneyef,6:31 PM,94
mdochoneg,1171327218,pmcaweg@wisc.edu,hJ8<!j!vW)/)FJ9,dlegeneg,5:45 AM,47
spokereh,9321725199,mclemenzieh@shareasale.com,yE0}s%s8dSUP,orockeh,5:51 AM,2
uyakovlevei,4924689289,rjanataei@fda.gov,kB0@ARz<,dpandieei,8:12 AM,92
santhoniesej,1249210070,kreedayej@google.ca,"bV2_wGB'Vg&,arv",osollowayej,7:16 AM,23
eannakinek,4891091339,ibargeryek@nymag.com,uH1\S@7<Ymd1H,ewhitemanek,11:08 PM,12
asecombeel,9400366833,lthomael@phoca.cz,jF3{p~%NP'18M,sgathercoleel,7:15 AM,87
smitchelem,8703771164,aambrosettiem@mail.ru,eH0<.vgL_IzON,whouseleeem,3:54 AM,39
mruddleen,3195662345,gsautteren@amazon.de,dJ8'#CC(dt,eraccioen,6:24 AM,96
yshingleseo,7194903970,mfarahareo@github.com,jB9|<%}~vqgg,mtoffettoeo,8:12 AM,73
pmacewanep,1879708736,delingtonep@nifty.com,"kF4""DC937",sdearep,4:19 PM,33
ocorseeq,4185804350,nlevetteq@ucla.edu,wG0=VWtPwM`E,tcallisseq,6:24 AM,91
joakenforder,4220866337,cbratteller@hibu.com,eK1?XO|*%1HZ,kosheeryneer,3:28 PM,87
ageillieres,6207208943,zjacobovitches@domainmarket.com,tJ4~iN`+@c#rn,lchaloneres,1:51 AM,74
jwarwickeret,8948986074,zwybrowet@paginegialle.it,"pL4.62qF,AaJW3",lmcronaldet,8:46 AM,70
asalterneu,6939151028,twarwickeu@fc2.com,yC5>x{gV,dmcneileu,10:49 PM,91
dboscottev,1809605156,sworwoodev@theatlantic.com,fA5<hrb)}O1S,ktorrittiev,12:33 AM,35
dcapponeerew,6158542938,kpackhamew@de.vu,uZ8&C~4`pXd,btoderbruggeew,11:21 AM,40
varnallex,6312482014,phamfleetex@sina.com.cn,"gL8{cOIXAJj,",vligertonex,2:47 PM,13
bsavilleey,9843186613,jliddleey@senate.gov,fM6$ze?y1}Bz,hperreney,9:08 AM,95
nhendriksez,6087373128,cchastneyez@pen.io,"hU8@W@""YIKqA",gtipperez,12:55 PM,3
rparkmanf0,9144237162,vbeertf0@dyndns.org,pC9@\k!>,rantonomolif0,5:46 PM,67
gdudingf1,8078467567,lwordesworthf1@so-net.ne.jp,cH1{5Ma&gv,rkillingbeckf1,10:37 PM,73
ecleghornf2,6763615787,hhakesf2@bloglovin.com,"cT3\Y/,6",wbultitudef2,4:31 AM,43
aclearef3,6070314433,lcrumpf3@istockphoto.com,uG4~+mn+3Qhyh`,fjellybrandf3,1:58 AM,59
lcollisonf4,8901697157,etowellf4@jalbum.net,"bL3>)>'W/e""#C8@",bbloodf4,12:19 AM,1
jbridgmanf5,2243564629,ghingf5@fc2.com,bH3?_kNbto,lmacallamf5,4:59 AM,24
gwebleyf6,8930891551,lridingf6@wiley.com,"pI7""A""Jgxzz",mgwytherf6,3:57 AM,53
cbussf7,6301098501,phaythornef7@webs.com,aW1)xeWU{OU,salsinaf7,1:18 AM,11
thuxsterf8,2389392954,gsorrof8@slate.com,"wI1,+?>'6TWDt+e",pdrinnanf8,2:07 PM,24
achampef9,9808972772,deadmeadsf9@1688.com,aR2!C7RS&,aodwyerf9,2:23 AM,78
wyarnoldfa,8816602465,jdarganfa@hubpages.com,fQ2`M<~U)U}d3wI,rgidleyfa,7:35 AM,85
mgaulfb,7867490167,ckondratenyafb@live.com,wW0{/HK0<G4i\7U,kzimekfb,10:32 AM,42
cwaddellfc,7533548299,dhaddintonfc@mysql.com,"uV2""4h}c.DF",bhelgassfc,1:42 AM,46
dbraamfd,5923788349,fbricketfd@example.com,"eH0""""SiMr0u",rmorgenfd,12:05 AM,10
bcarpmilefe,9103877876,chanabyfe@bbb.org,lI5@w`2Po5P'`(Z,nbeardsfe,11:21 AM,58
ghealff,8878820547,ehandscombff@netlog.com,uC2}N8W+DJQ/@@{g,nrochff,5:57 AM,61
bcherryholmefg,2232659992,cdelamainefg@nba.com,rR8{ukn!)pW?Qa,pcharlsonfg,10:53 PM,60
sjakobssenfh,1795734434,bwhimpennyfh@multiply.com,"kX6<EEJ6,bg",rcasonefh,9:37 PM,100
scornilfi,9744010665,mcappelfi@devhub.com,qL1).gGU|7mpfs,sparkesonfi,4:59 AM,21
cgeeraertfj,6124017148,lseegerfj@zdnet.com,"oN3@,tk>)Fn_V",hlovelacefj,7:12 PM,93
fjugginsfk,4127311673,blunamfk@abc.net.au,hH1#bD0Q)&Tehwcn,bsiberryfk,10:35 AM,47
badamifl,6846736484,kclifftfl@opensource.org,aT9\MC(I$OQ,jreedickfl,1:02 PM,80
hkiddellfm,0216845165,nserrierfm@freewebs.com,zL5=/WY}3bI|'f,vdilrewfm,8:59 AM,76
nisacqfn,9594307145,rdominettifn@gravatar.com,mU2\MA{C7`mfL,rmolinefn,1:20 PM,78
pporrettfo,4176649240,jlosekefo@spotify.com,fV2|o*i.,dpeplowfo,7:05 AM,81
jsymondsonfp,2121519459,asimafp@mlb.com,eH0?o>q9<r@@,lwhifffp,7:28 AM,47
vpeceyfq,1608808076,lbrockwellfq@weibo.com,eE9.y7xMW{,itriswellfq,8:59 AM,64
mkleinsingerfr,9321758372,jgarmansfr@reddit.com,kS3((vCz?4b{,slethemfr,2:42 PM,95
acoulthurstfs,6573425820,cverickfs@hhs.gov,xU0`'O*G#V'4Yn1,ckillimisterfs,10:23 PM,52
ljurgensonft,9703339816,mforoft@guardian.co.uk,lX8/+f4lq,tmarkovicft,2:05 AM,78
sbamellfu,7543234564,rboddisfu@ox.ac.uk,jT9{X93'9@)>du/,apignyfu,4:11 PM,18
jdecourcyfv,9607293533,lsumersfv@stanford.edu,"oF5/z""?,@`tD",pdanilenkofv,9:51 PM,68
lcrystalfw,8693464132,vcreavinfw@ocn.ne.jp,nL8*_~{)=w),afernsfw,11:48 AM,38
alafeefx,7853194463,treeveleyfx@omniture.com,"kY3*""XWxUT>nn}",jsimonettofx,12:39 AM,58
dcouplandfy,8033551836,lphettisfy@ed.gov,sB8{lnt4(Y`?S*3N,dgatteridgefy,2:40 AM,80
rseathfz,9028394273,nscullionfz@chicagotribune.com,"iX4""GH`osY",dfitterfz,5:57 PM,49
mdeliong0,5262740847,astottg0@nps.gov,qN5)mBD`7,alelliottg0,10:21 PM,26
gpatisg1,2398779009,mfessbyg1@amazon.co.uk,"sJ3+.,%\kD_*6Y}",ilipgensg1,7:18 AM,92
jdooneyg2,1642367354,nseedullg2@indiatimes.com,qY6%*{Fr},galvisg2,7:14 AM,52
bbreyding3,5860197276,kspurdensg3@de.vu,xH3<=kz_,amcgrealg3,11:50 PM,80
bkoppsg4,5857375444,rlissandrinig4@ucoz.com,qJ9#0a<z,gdebenhamg4,9:37 AM,15
sdumingosg5,3275601431,carletg5@addthis.com,mK7.?71!D7A4,mcassidyg5,7:11 AM,76
nshoreyg6,9687050101,ebarghg6@lulu.com,uN8''2}T5#oM,rtolhurstg6,11:48 PM,5
mhueg7,4244549420,mtheobaldg7@msn.com,fS2=?F9dz)n)B%,dshipmang7,1:25 PM,82
acregeeng8,0184371147,twhathamg8@shutterfly.com,lR9.7kM`9Iz~,vhayshamg8,8:48 PM,20
jhairg9,5658842417,crableyg9@shutterfly.com,yU1\vYmvEl,nmallaboneg9,4:38 PM,4
scammackega,2125792354,jscarasbrickga@businessweek.com,vG2=._9CSt%8Qyp3,wgreevesonga,10:26 AM,18
sgatrellgb,2440334286,dgauvaingb@diigo.com,"yR0,$5J#(DEs!ts",ksterrickergb,5:18 PM,62
bpridgeongc,8041456618,shendonsongc@intel.com,uS9'>|Wm>_s,crapagc,1:11 AM,82
kdameiselegd,7961515283,wgulcgd@oracle.com,aU5*3BLm8?Ef,gcostardgd,2:52 PM,32
easplinge,1941792022,hnurseyge@de.vu,dZ7+t~K4lI+C,ainstrellge,3:10 PM,51
chollingtongf,9242515418,hpeceygf@home.pl,qW8$<8jx&aCY,ppickingf,8:35 AM,13
kmaciaszczykgg,2553134657,mbritneygg@imgur.com,fK8)5W*YeGQl,cjarvisgg,2:21 PM,53
jdwelleygh,5525253550,egleadergh@stumbleupon.com,hJ3$w$Xb,fdunkleegh,9:19 AM,97
psagergi,6617982916,fparksgi@wikimedia.org,"uM3""?JxgWx1ng/hj",skleinhautgi,12:14 AM,12
ahargiegj,2962628702,gkingsleygj@theatlantic.com,dF4?~9l{O}+D2Q{~,jclissoldgj,8:10 PM,30
cspittlegk,7792774759,pdryburghgk@java.com,uZ2}NLgRo8,genrigogk,7:14 AM,19
cleahygl,3951886358,aoakesgl@cmu.edu,iB6#~bUCcA`p,ucornuaugl,4:42 PM,3
ehallowaygm,4580105737,crufgm@hostgator.com,qV0?/4kL,bseamansgm,10:09 PM,19
wmartinsgn,1978412711,adonegangn@gravatar.com,"gD0(U(&,",jbunyangn,12:19 AM,7
chanwrightgo,8284387824,eheggsgo@tripod.com,yJ1)Ld(?'OdX1,vahlingo,2:49 PM,2
hdeminicogp,9418117517,ghyslopgp@sciencedirect.com,pB3!j3'on(,gkleinfeldgp,4:39 AM,16
sfieldgq,9128770374,ckeeblegq@ameblo.jp,pU3*8?hfNb@iB,umemorygq,12:54 AM,79
ebeneytogr,0603342256,aburdengr@mtv.com,lK7(!J0I,mrowenagr,1:52 PM,30
smcginnisgs,1785393537,htompkings@springer.com,tG7!F<3+Uq=,slealgs,3:35 PM,62
bdamantgt,4638354661,cbullcockgt@wiley.com,"oV9""bd5Y3v1{`W\j",mmeltetalgt,12:16 AM,100
gpymgu,2037794932,cshirilgu@miibeian.gov.cn,bT2>6S{h,csoppethgu,2:42 AM,55
mbarfittgv,6908550796,myurovgv@nbcnews.com,"iM2,m.!B=FU",mrydegv,12:10 PM,46
rsennettgw,3901880747,araikergw@addthis.com,"hQ6@'WOo.0""<mY",swifegw,1:27 AM,84
acraftsgx,6813220454,vgraylandgx@ted.com,kT0%3+H.Ka,nwormangx,5:42 PM,2
blorencegy,2085808131,umcardgy@mayoclinic.com,mG7/quO60,bpettogy,12:59 PM,50
charderngz,8812481167,meckertgz@cnn.com,cC0=E8XT!+o%&5,ecowapgz,7:06 AM,60
skynderh0,1266507841,vlermouthh0@nifty.com,iN0>4pSgw*Rq\{,khugganh0,10:34 AM,17
jrustedh1,9732155493,bprescotth1@soundcloud.com,"oA7+,f{!",bgrishanovh1,3:13 AM,51
lstollerh2,2168365245,cgurlingh2@addthis.com,sG2%t`(rur9M,bwynessh2,2:03 AM,99
dbygroveh3,4794653956,mvaladezh3@exblog.jp,"yC8*U""y24JkBw=k",slamieh3,4:29 PM,92
mrockellh4,0521718694,dmcgirrh4@harvard.edu,"dT5\_J,jp#)UAQ,/",yweedh4,9:56 AM,69
jmunseyh5,3405420008,jbrowseh5@cbsnews.com,xF6.oUb6h<p6a,vaddicoteh5,8:24 AM,68
sjarleyh6,7122698718,mparsonageh6@house.gov,nT0&MP)`=>0}),rboomesh6,9:11 AM,9
chughlandh7,3293142699,fcaleyh7@ihg.com,"eB1`+&""#a.\,.49D",bgerhtsh7,6:51 AM,4
ldalessioh8,3814064283,lecklyh8@google.com.au,lO0)+H.R02gN?f|,evickh8,4:39 AM,55
mwiskerh9,1317319079,dshewanh9@163.com,dI6}!bOp,bdugueh9,2:22 PM,24
ftrokerha,1046512757,rraigattha@wikispaces.com,vU2?Xvqg96}dlW{,lcheneha,7:55 PM,43
wellinhb,8036562340,braywoodhb@edublogs.org,gY5}*p{a!#<H!c,ggenteryhb,1:58 PM,68
umackegghc,1051177057,jlindmanhc@bandcamp.com,bW2~ZR+E_.l{RKLo,lsanzhc,2:36 AM,84
jsheenhd,9021835215,fnovacekhd@walmart.com,kR4<M'vROgo,jemtagehd,9:13 PM,31
tsentinellahe,7019729851,hpenmanhe@mapy.cz,oI6*(f9Hltt`,ccanohe,8:47 PM,82
hduvalhf,5932301279,ldoramhf@ebay.co.uk,"xX7""TR>cw.?wKMWE",tferranhf,1:21 AM,30
nbramerhg,6317212317,hbelfithg@plala.or.jp,nG4$D03),vthurbonhg,4:17 AM,1
jbaszkiewiczhh,0795246463,vdahillhh@fastcompany.com,mA8/=M7'XqU~,cleathleyhh,3:40 AM,41
gdorninhi,5526751716,asommerlyhi@washingtonpost.com,"yN8/"">rklVQy\@",devequothi,3:05 AM,69
gspurdenhj,0524447829,kconyardhj@squidoo.com,"yO9`/vd,",jmirrallshj,8:00 AM,72
vfishbyhk,4417557659,dgoodsirhk@harvard.edu,tD0)0XJRm,kburndredhk,9:14 PM,5
cmarronhl,0300976828,ngirodinhl@nature.com,kH0%\l&c,awalasikhl,8:52 AM,9
aellamanhm,9322179546,dhenrichshm@goodreads.com,xD8#_>v9'@CiSu9,njacqueminethm,6:39 PM,56
ibourtonhn,6213727310,fpencothn@unesco.org,jZ1/p}(hu>#i,rtommeihn,3:05 AM,4
shancellho,5769355514,fboothebieho@spotify.com,aU7!bbaltr%iGn{,mgartanho,10:50 PM,11
cbignellhp,5923789957,mtorrijoshp@livejournal.com,nM3<>ZAFZhbN,hhacksbyhp,2:41 AM,25
ejahnhq,3678327427,tmcguffiehq@ezinearticles.com,gD8<p2DgX7,mgodlemanhq,10:46 PM,52
tdubblehr,1722726490,nreyburnhr@ebay.com,"hM5&),\i+",rphilcockhr,7:18 PM,12
mjulyanhs,4300780021,cfairmanhs@google.it,"uP7""GfA+_W<",efarlanehs,2:47 PM,47
rcolleteht,0418006253,acrohanht@ocn.ne.jp,kC6#wmuQ9PYc,delderbrantht,7:37 AM,99
mjoryhu,1231309547,wpartingtonhu@123-reg.co.uk,tE4_L1c@I{L,dpickardhu,8:15 AM,79
swhewayhv,7941308231,bjagglihv@multiply.com,bB2#rCZ#=9/PCS,raleshv,10:38 AM,66
sabramowitchhw,6903373616,thallsworthhw@unesco.org,rK3\{.JEW@<RGo,apidwellhw,4:59 AM,89
amonthx,0806866527,erobilliardhx@networksolutions.com,jE9>wl@iN!,sandrivelhx,1:39 AM,52
hscrimshawhy,4496562162,rdeniskevichhy@baidu.com,iB4`i=iE2MT>4di,dclaytonhy,9:24 AM,47
kheckhz,6623262407,dlindenstrausshz@google.com.au,"jT2'N,nb0J",eknevithz,5:49 AM,46
kbennioni0,3224496525,gwildborei0@blog.com,vZ4!'}w'fO/8i*,mkunnekei0,10:04 AM,28
sabbyssi1,6338641314,wperazzoi1@live.com,dM4@SNAUQLE,tbrannii1,12:06 AM,69
gbenedikti2,7788580929,lrebanksi2@webmd.com,oY9`UlkLWORh~/~,afindoni2,3:40 PM,64
pchurchleyi3,8062957985,mmatejai3@lulu.com,tK4@)G2xa,blingneri3,8:06 AM,23
kbrumeni4,6148503867,blibbei4@ucoz.ru,"kK8~__|""u12\Yl|d",hkoppei4,3:51 AM,14
jeubanki5,0821429329,igladbachi5@theatlantic.com,qZ5{1wZj)w@){`GU,thalesworthi5,10:48 PM,92
abunclarki6,1016580509,denochssoni6@devhub.com,yZ9%e#BJmjg}E,cpinki6,6:54 AM,1
ochedzoyi7,8780930077,qjenckesi7@mozilla.com,bX6\9.s3)W/%@,jdickmani7,9:22 PM,2
daherni8,5103133083,ccrownshawi8@archive.org,"xZ3""#4es",ahassewelli8,2:04 AM,55
awadlowi9,1773947974,rtookeyi9@flavors.me,aW4&+?=us_~*,labbesi9,12:26 AM,25
sbrotherhedia,6833234647,tbernardia@fc2.com,"xQ2,&D*v$"")",gdunawayia,5:20 PM,88
bbuntingib,3617318339,kpothecaryib@printfriendly.com,"kP2,$1t7=GW@q27",lfaulderib,3:38 PM,30
wmattheeuwic,9351470490,gdewildeic@bizjournals.com,"sV4@x9T&L,1s#yH",zfarnsworthic,12:01 AM,67
abyrdid,0178142972,wkiddsid@amazon.co.jp,pY9(k_ODy%mk,mdarkid,5:16 PM,30
bdymondie,6067942674,opieterickie@canalblog.com,pD3&tiQ#,cbalineie,3:02 PM,58
datkinsif,1979651299,btompkinsonif@xrea.com,zL9$/frEa~?,dhastieif,3:12 AM,83
amacaleesig,1105896609,kwillertonig@cbc.ca,yP8>cD=p)UzT+,mseagerig,10:39 AM,26
jschulzih,0317005537,bjoostih@ucla.edu,uV7@1#$$_OlR*1_W,mkinlockih,4:55 PM,5
clovettii,1300618388,kvassarii@netscape.com,iX3)'$E.,wscoullerii,12:48 PM,10
zsilvertonij,3464492990,vspurdensij@ow.ly,gQ2&Q#p#x,osealandij,6:24 PM,52
fwolpertik,4907385765,lkembleik@yandex.ru,"hG4,avQk5<xIG?5",dbubbearik,5:50 AM,41
fdellatorreil,1460481046,amardenil@buzzfeed.com,fS1}Cf_TW'PB(CIV,carringtonil,1:09 AM,7
rwandenim,0189714735,vshipperbottomim@pbs.org,iN6<xW+QQ~,dgennim,11:16 PM,11
nblinderin,2532558261,csmailein@usa.gov,"zO3_,?ILBJIyZ",thinstockin,7:24 AM,99
lfruenio,6745257718,bmurneyio@bluehost.com,"oU4~b,9)G+G\9_",blightowlerio,8:26 PM,16
gcuffeip,7096858350,amanjinip@ft.com,lO7)$QrNc,labelsip,2:25 AM,54
etunnadineiq,8878677574,skenwelliq@guardian.co.uk,"fI7<%pL""""Mq$",kscarseiq,9:52 AM,50
nbartsir,6781562614,jbeadlesir@indiegogo.com,wW8\=fELQN+9,hlayheir,5:09 AM,72
bsweetloveis,6921340678,kbartropis@quantcast.com,hG7>B5Zb,hbalwinis,11:01 AM,58
lmarkovichit,6507073172,tlangwadeit@stumbleupon.com,mX8{/v0$,sresdaleit,7:51 AM,75
mpetrilloiu,3088787403,bcoyeiu@zimbio.com,sJ9+i~WaS=_aL+,hgrzeszczakiu,5:20 PM,32
cbrakeiv,0743723449,jgoodhayiv@mozilla.org,pZ7>@{ByXQs,hbrogiottiiv,9:02 AM,24
lspeaksiw,5565441897,wbramwelliw@columbia.edu,"rN1,VoYU",gfeldbergeriw,11:37 AM,75
cmolyneauxix,0241379105,lsteffansix@yahoo.co.jp,pE9#.!!v,ajeanesix,9:59 AM,87
hheineliy,4239763894,ngeariy@google.com.hk,"sK3&a0f<C/""10G",hrattrayiy,9:10 PM,60
mrotteriz,1240263104,hkneeiz@bloomberg.com,hK8`JZd0U>,vquickendeniz,12:40 AM,78
tphilippej0,1322095051,gkirleyj0@virginia.edu,"dA0'3q&61,1fTm",sblazicj0,9:01 AM,24
gloughranj1,2327894328,rvandecappellej1@ning.com,"pW1/,PVeN%9",sclusej1,1:59 PM,96
cshoesmithj2,1262018684,jjaramj2@umich.edu,dS4$>0%18MH%,pharteleyj2,4:06 PM,33
zbuddockj3,2668092507,kgeggusj3@amazon.co.jp,dB7#oC/8dE(ABP&W,slumbersj3,6:58 PM,43
dtuxellj4,5715071542,mwitulj4@liveinternet.ru,yW4})_aIB(#3_@xa,itrahmelj4,3:51 AM,83
vreediej5,0610392565,glemarchandj5@moonfruit.com,"lS9<pX0,GS)N{",mraysj5,3:36 AM,64
rhiomj6,9057817179,kelmhirstj6@angelfire.com,bF4}80vc,jdurningj6,1:18 AM,70
jkarshj7,9984817989,hhilldrupj7@stanford.edu,"pY3""L""ao8cK)",gtightj7,1:41 PM,11
cgrocuttj8,0591741474,dlankhamj8@loc.gov,rS2(0_%LJLBC_,tdunsterj8,4:45 PM,34
cpendlingtonj9,2087056889,gmcgillegholej9@shareasale.com,uD2~<x*Wy}Fe,tnathonj9,12:05 PM,61
cbamforthja,1705959946,bcamelja@slideshare.net,"sJ2)""BH7=Qec""~",ichatwoodja,5:21 PM,47
fblunsenjb,5956561025,obalwinjb@e-recht24.de,tD7?_AT'BkBI,ccraigjb,1:59 PM,46
praffelsjc,7307155338,afahyjc@discovery.com,iW2`#kdGLGs`qR,charfletejc,4:00 PM,1
onorthjd,1712382632,rreffejd@barnesandnoble.com,mD8#|so|Eg6gg>&,jmanesjd,9:27 PM,13
nconorje,6811099305,lgoomsje@flickr.com,pT2>Drf0dAFm*0!,csollittje,2:00 AM,2
ghaszardjf,3907602749,fratleejf@seattletimes.com,"gS0,,Jc#n<poxH",dmerwoodjf,12:51 PM,90
cphizackerlyjg,7053668452,elunnonjg@4shared.com,"tI9%d@L,#2IX",fdaughtreyjg,10:27 PM,69
ngregoljh,8881697521,ykynanjh@arizona.edu,tN5/hxpChM+}V_Y,awaindjh,11:49 PM,67
gvaneedenji,1103016911,eosemanji@newsvine.com,yE3$\uR8REJA,rdumingoji,12:57 PM,15
eludronjj,6982056015,pealdenjj@marriott.com,wH6&BdQ5,hhallattjj,1:16 AM,16
sgommesjk,0356679667,uglasmanjk@guardian.co.uk,gL1=zCu0m0QqE,isweetjk,2:59 AM,84
dchaffjl,5188198207,weastopejl@npr.org,"nH0),cw0RxWt",bcawsbyjl,4:43 AM,60
dmcgonaglejm,4932229631,mfolksjm@ucla.edu,eV5'7l!&Nll.4$,jpoonejm,8:39 AM,23
aafieldjn,9225009356,chubblejn@ebay.co.uk,bO2/zX8R$m#o,jwhopplesjn,3:49 PM,84
fyurygynjo,6416908433,cgrimsditchjo@businesswire.com,"nJ3""x|nYXa8",dmattysjo,7:47 PM,38
ahallsjp,6093731669,mboristonjp@yelp.com,"zF1'UndlpRc,IF",dgallejp,12:05 AM,63
ebradberryjq,5912322866,kharlejq@webmd.com,xY6+THy#%Mwj,hlinnemannjq,2:55 PM,69
lgiacopellojr,5827492078,cdummettjr@angelfire.com,oG3?IEqU,gcardwelljr,9:28 PM,11
pdonneelyjs,7771803245,dtottiejs@github.io,"eN8/k""DY~QYW",lsoppitjs,8:11 PM,36
nfurneyjt,3157875736,chalfhidejt@qq.com,cP4_3qabnF,cpieterickjt,12:50 AM,86
rdanelutju,1709503637,ftuckleyju@patch.com,xW4#H.6rB`9jy,nmackeanju,1:42 PM,85
lmuellerjv,7243240917,hfairheadjv@sohu.com,zG9$EspsCZK,brashleighjv,3:06 AM,97
jdemeltjw,3528564628,ivolckerjw@opensource.org,yQ3'!_v4(,eabrehartjw,7:57 AM,70
rhoulisonjx,1862159335,zaspinelljx@cyberchimps.com,lB5`YTgcJc*,dsteptoejx,9:44 PM,48
mglantonjy,3941056980,gsnaddinjy@amazon.com,iE3.QAiebl`A+d3s,rbotlerjy,10:12 AM,94
kizakovjz,4896118170,mgoeffjz@e-recht24.de,uK0(EqG+,oyeudejz,3:48 AM,4
kwhopplesk0,7856896175,rrousselk0@desdev.cn,uC5}~1v)9,malderk0,6:20 AM,18
cwerrettk1,8199709014,bbrazelk1@sciencedaily.com,"tK9?,\vvI",fmcgourtyk1,1:15 PM,30
cpeckk2,7855522905,tprobbink2@wordpress.com,wJ9}!U5|392+,ngostridgek2,8:09 PM,33
djoesburyk3,2600315403,jcropk3@ted.com,cA6}MXfkHYZ~_p},sarrighik3,7:09 PM,85
cgoulderk4,1413443028,hteggartk4@google.com,"iR9'/O5ZBT""bNI'",ademicolik4,8:10 PM,56
smolfinok5,2450110844,kbartelk5@forbes.com,vS8'?|X/H49XnS8,leddowisk5,1:52 PM,70
eatrillk6,0254836860,jstainfieldk6@imgur.com,sB1.whM\,cknowltonk6,1:55 AM,4
cgirardetk7,6418384040,dbeevorsk7@multiply.com,zY4?{|_!H=eaLB,amountjoyk7,2:14 AM,20
kkerrichk8,8845521710,drobbertsk8@ameblo.jp,eD0.ml'Sc/,mcancellierik8,11:15 AM,2
dtriggsk9,4700758066,lrivelonk9@epa.gov,"rU1+8""={0W&i@/_`",rtrowlerk9,5:24 PM,1
dabramovka,9941178291,ctellingka@examiner.com,yX7*u}*D!`k|En3,loutlawka,10:23 AM,53
sfawthorpekb,1872407536,mhoulsonkb@lulu.com,iY1<><jl,sdolphinkb,4:09 AM,3
jbeachamkc,6505580921,abichenokc@marriott.com,kB4*nin)I,csimonuttikc,7:37 AM,61
rmcquarterkd,7421310258,ytramelkd@barnesandnoble.com,"sB4<,u..{5Rj",wbernotkd,1:57 PM,74
tdornanke,6834827609,bdowleyke@macromedia.com,uF6.f8/#,pmontroseke,2:32 AM,74
acaldowkf,8415527802,abarhamskf@bloglovin.com,cY3?DB+>!,tbycraftkf,7:32 AM,12
aallmondkg,4771118574,aphaupkg@scribd.com,gB9&*(E.k>#|>,cmormankg,1:33 AM,25
wnowlandkh,0238897125,eambruskh@senate.gov,"nA8*G/b9C@w""",aboldeckekh,10:07 PM,83
jbirdsallki,1245007491,pgoodrickeki@people.com.cn,vE4=2tjKfri,oyongki,11:32 PM,73
melverstonkj,6297149054,lbuchankj@java.com,aI2@+Xnr`,hmerchantkj,11:09 AM,45
ebartrumkk,8457038877,ajedrzejewskykk@alibaba.com,"oC5,mGDU4",tmacallesterkk,10:22 PM,60
dhullinskl,8446871599,wcollarkl@fotki.com,sN1.82!Rf0TqA~(,vrentonkl,7:47 PM,20
slazellkm,2048285813,carnouldkm@springer.com,wZ6'bMvT'`rm,mguitonneaukm,11:17 PM,10
fwimpeykn,8392973003,vtoffolettokn@cnn.com,"pE0)H}8k""3",ejustiskn,2:35 PM,27
rbeneko,4687900461,fmenhenittko@addthis.com,nR0_az0_CK?Jk,okibbleko,11:46 AM,14
sthurbonkp,3850719472,sfryettkp@bloomberg.com,wJ3~a.y5N@D,fbouchierkp,11:07 PM,41
lbockq,3113343860,klawlerkq@zdnet.com,wO6>\2Wq?%GNafa,jbenetkq,7:11 AM,39
ahuckskr,5852451193,bbeldamkr@arizona.edu,lM7\uMubtqvq@,irodderkr,2:09 PM,14
hmceloryks,8571463212,abrehaultks@ehow.com,zY9!vK*%n,egonnellyks,5:59 AM,17
gguiverkt,8647869109,jcullumkt@gnu.org,hH6@i!}3FY|,mburkkt,3:04 PM,71
derringtonku,2426555777,kcransonku@census.gov,oD5@4>w8,bstraingeku,1:07 AM,93
sbuckelkv,9540388856,iburrasskv@sourceforge.net,rU8@!2bmp6/9,dmcconnultykv,4:40 AM,64
emallinsonkw,4603756666,pramoskw@creativecommons.org,aB1(f|3<l,ctowlkw,4:51 AM,1
rcattermolekx,3322711803,gnormingtonkx@squarespace.com,jC2*{>N9F_Z,adustingkx,11:32 AM,75
sscopynky,5065332517,dpodsky@wufoo.com,lB0&!&\_,cbarryky,6:04 PM,70
tyersonkz,9861584331,hyeskinkz@lycos.com,qW6&h'4Ph,mkalinskykz,11:01 AM,61
bwillel0,9365482372,jbraidfordl0@google.com.br,bM7=p9XB{cp,jerdelyl0,6:15 PM,41
btobyl1,2420704770,ccarrivickl1@cbsnews.com,"xX8@~!34""$veVO",rgounell1,4:25 PM,21
jtoweyl2,1663962138,dstraffordl2@nytimes.com,zI4/$|SR=,gbaigriel2,11:05 PM,71
sgiacomassol3,8497143000,abrownsilll3@usda.gov,bP3#>h}MU8O@+Dt,lfossettl3,2:24 PM,47
hdanielisl4,6791007192,cklishinl4@utexas.edu,nT9_JeOxe<CIv#,fdimitrul4,4:00 PM,88
kspaldingl5,0388314087,rsandbachl5@themeforest.net,uX2/Su'f)$ZDmFdC,srispenl5,1:13 PM,99
gallottl6,6427420712,grushmanl6@indiegogo.com,yU9*@e6$86,calenichicovl6,12:45 AM,80
sheeneyl7,7541977985,mmcpharlainl7@si.edu,gS8.DQCRDxk,dfritzerl7,5:38 PM,25
achaffl8,1726485382,mstablesl8@dell.com,gR4.GILHI,pfeehanl8,11:54 AM,33
rharkinl9,5644467058,lhurfordl9@paypal.com,eU7<nSydGY(tk4,rsaffinl9,9:39 PM,53
erougela,0559652925,amoraleela@qq.com,bT1<UNk9Vp7Op>Y,bleamanla,7:04 PM,93
vpetkenslb,9061108799,ssalkeldlb@uiuc.edu,"dP9(J2$us""#",sstovoldlb,6:28 PM,33
mglabachlc,5191205057,gmcindrewlc@plala.or.jp,vL0##%j!S`Qr&,ihedditehlc,12:53 AM,18
hlamondld,0423232665,lgrimsterld@merriam-webster.com,kL5<oeOA,lhealdld,11:57 PM,78
nfyallle,3899078500,llackintonle@wunderground.com,rB4~I%E&P44,pjanzenle,4:53 AM,52
dmarmyonlf,2701020085,gagerlf@google.com.au,lH7>Zw`Ayh,mgateclifflf,6:13 PM,67
bsouthwaylg,8097474204,msimpsonlg@microsoft.com,nR1%2~FHJa({sgP,ptollfreelg,9:08 PM,38
agoefflh,8297162265,adullinghamlh@timesonline.co.uk,jY1@0/WjpjhiO,nsterzakerlh,11:42 PM,96
jzipsellli,7013906506,cmcilheranli@pinterest.com,vQ0'tK5FF,zchinnli,11:06 AM,50
ryukhinlj,0587528915,nhardanlj@illinois.edu,gS3_kUY*ZZ,ceilerslj,5:06 AM,61
jmoncarrlk,3807108459,egawthropelk@rambler.ru,hW2%P00u,lciccettilk,10:51 AM,94
gwortmanll,6379345140,smoreinisll@unblog.fr,zR5_Rk\8W%stXU%,cseedsll,4:05 PM,19
huttleylm,4022064153,tmoylanelm@bbc.co.uk,jA9{aATE,ngoodburlm,3:40 PM,89
hmarksln,5656478734,nmcgillln@hostgator.com,yN8{lmKv,coliverpaullln,6:42 PM,43
rdentonlo,1897627513,welflainlo@blogspot.com,"oZ8""KlPufz",rallensonlo,3:37 PM,27
ietiennelp,4811156161,dborglp@guardian.co.uk,gW8.C4Ik\#_3Pk=,bcatheralllp,5:10 PM,22
calesinlq,6509892006,nhuttonlq@naver.com,uU0&\t.ub,vkainlq,6:04 AM,20
pcrosbylr,9684528019,yeathornelr@people.com.cn,"aF4.dS""H4c/&",wcrownelr,3:12 AM,56
edabrowskils,2293741516,fmorrowls@alexa.com,fK9{N3VCeu,aklessmannls,2:37 AM,11
ncoltmanlt,5340831973,tdcostalt@sitemeter.com,sW8&38(',jchipperfieldlt,3:40 PM,72
xclarkinlu,0015546861,edelacourtlu@bloglovin.com,nS2|*KzbZB3XQE,lturnpennylu,2:47 PM,92
mtomalinlv,1251097634,jsallingslv@symantec.com,"hA0_bm!,VZ5&e0U=",lmabonlv,8:25 AM,72
rbormanlw,7440314387,jkembreylw@surveymonkey.com,dY7>'b5_W<,hgaskilllw,6:40 AM,96
gkuberalx,4556083257,aoddelx@wufoo.com,nX9.<\sA3J7v{,vglassmanlx,11:03 PM,76
brizzettily,3136335333,gkropachly@hp.com,"pQ5?32_""I",egougely,5:36 PM,51
caccombelz,4809124533,mbuddenlz@toplist.cz,nH6=x.5KLaD/|GV,ntortoishelllz,10:02 PM,96
abroderickm0,2482027594,ckulverm0@google.com.hk,gW0}ynf.n=,zdixsonm0,7:54 AM,26
pgerrym1,7409615613,gskahillm1@goo.gl,zR6`a7?/7a?ZR,raucuttm1,11:13 PM,16
afranchionim2,2402437340,mbriskerm2@independent.co.uk,sT9_pLGI4,ahagwoodm2,3:42 AM,9
pstidsonm3,8867309188,dvargasm3@yellowbook.com,mZ3*V/h8,skendalm3,7:41 AM,100
trennlesm4,7760422326,msaltsbergm4@chron.com,hM4)>C\&hmpXZ&!=,yaizikowitzm4,11:43 PM,9
smortenm5,3895041912,hjeaffersonm5@dion.ne.jp,wD4<O%b>u},lhandscombem5,2:56 AM,45
holivellim6,7926513121,dpicotm6@edublogs.org,cL9`'EErQK,gmosebym6,6:52 AM,49
fardernem7,1843390701,kpolakm7@w3.org,oZ5_AG%r6Aqd,ejiroudekm7,3:13 AM,74
ewigfallm8,7671477095,ctweedym8@a8.net,wE0%C1Z&c,bhickeringillm8,10:26 PM,28
epankethmanm9,8150238255,eiacobonim9@blogtalkradio.com,"nR7',L'mf",bbrankleym9,1:08 PM,20
wdewickema,0890573409,mbosselma@cargocollective.com,oF8/=&|N_y0,jtolworthyma,4:40 PM,55
tswanmb,7069456034,tsullivanmb@intel.com,jO4&zSU<5L,drichardesmb,4:01 PM,19
pnewbymc,0378658409,jclewlowemc@feedburner.com,kI2%Bq!xO\U,mspareymc,5:46 PM,95
tlezemoremd,9667716775,cklichmd@chronoengine.com,nT5/K`pBV,hnajeramd,11:55 AM,69
bpalferyme,5011501051,ftwellme@usda.gov,bP6)lrUO!M4,jreamsme,3:42 PM,23
mdomaschkemf,6483380070,bjillardmf@usgs.gov,nN2!%OaWP*v@<,gsweynsonmf,12:51 AM,27
svolckermg,5895430341,snaglemg@liveinternet.ru,nD1<>KK4P>OFeS,ajanouchmg,6:58 PM,3
dyouniemh,8931567812,hdyermh@multiply.com,aK0.ZanLDpq2$,iosheemh,10:08 AM,45
hwittymi,1460712315,jcridlinmi@statcounter.com,gI2(lu|e/~3,ivasyuchovmi,8:18 PM,61
fprimemj,4964199053,jecobmj@vkontakte.ru,wO6+I@P7gLXgJn.,aridgesmj,7:56 AM,74
ggridonmk,8250026217,vkimmelmk@aol.com,gV2#*wlnF2hN!,jpiccopmk,3:10 AM,40
dfifeml,1591232198,lmilsapml@army.mil,mV4.mCl=z,fnorfolkml,8:16 PM,47
nbiltonmm,7025513768,cbranganmm@utexas.edu,gE7$vRA$,vaitkenmm,8:17 AM,95
sricardmn,1400926017,scadiganmn@yahoo.com,jQ1/|mKM7KP4y/<s,cjanuszewiczmn,4:58 PM,86
ivillamo,5207244493,tmattedimo@so-net.ne.jp,jI0\$&}V5'iO,wbattersmo,11:53 AM,6
remsleymp,8665335706,wplacidomp@ted.com,hZ2!R9VxTn,rorangemp,2:59 PM,41
msmalridgemq,2291483536,lfroommq@ed.gov,rM5)b0#Xy89Cmrt,mtiltmq,3:20 PM,87
tashbeemr,2495220770,aplacidomr@marketwatch.com,eS1+>Qs.{u,cstoadmr,1:32 AM,37
lsheerems,5648713622,dchrystalms@elegantthemes.com,uK5\c0q|o?JqT_W(,rvipanms,12:24 AM,39
asymemt,7851217210,csandaymt@dmoz.org,"jT5=#O{F""y",iortegamt,4:10 PM,36
anewburymu,1036142507,wpeplermu@bandcamp.com,"mX9')""_kv",gfransesmu,5:09 PM,30
pveeversmv,6439902563,kfancottmv@tumblr.com,gL3*zhc19bD+,mthomamv,9:02 AM,29
ddedmanmw,1139346997,afanninmw@miitbeian.gov.cn,lB7}dE1*,mhilhousemw,11:07 AM,73
ssumpnermx,0139476199,bforwardmx@noaa.gov,kH5{GM.yVR,mspickettmx,12:50 PM,21
mhuggettmy,9188837211,sdumphriesmy@jiathis.com,dQ2'#P&8Q,ddewanemy,11:24 AM,3
jpaszekmz,5564863267,bguerrinmz@biglobe.ne.jp,bC5{(mD*n6_),abartolimz,3:37 AM,98
nscotsonn0,2472747195,lhellcatn0@skyrock.com,qX5*?uriDB,ecapaldin0,4:02 AM,66
emewrcikn1,5009773651,amorenon1@phpbb.com,zQ2$vd}?/Vs$+T3r,kvaiseyn1,1:12 PM,27
mgiannin2,9580137471,vlimonn2@walmart.com,"sP7,a}""QF3<",pdunstann2,8:39 AM,53
tkinkaidn3,9076444757,bmacknightn3@naver.com,uE6%?24c1{`3i,vcaesmann3,10:59 AM,81
sdouchn4,2063529043,lshaperon4@microsoft.com,iE1|HwWe,kevesquen4,5:44 AM,60
bbarajasn5,9456302733,tturnockn5@1688.com,"sE6'nq.Qco1*,vp",therrievenn5,12:23 AM,1
bpirozzin6,8131419770,aaggottn6@tmall.com,rR4<nG>o81N,jgwionethn6,10:01 AM,68
jpreenen7,9067863238,rboickn7@arizona.edu,eC1.Zk1iTR,jbigleyn7,6:29 PM,94
rthorburnn8,4886295835,jcalln8@hexun.com,"nL0_dor""CR<$",tsayen8,11:37 PM,7
hzannin9,0898191572,cquilliamn9@wisc.edu,"dM0)x6(*Z""5eu8o",rvitlern9,6:34 AM,4
fhabberghamna,4638881823,igainsboroughna@blinklist.com,"bH1?1LejOE,fld",asimmondsna,4:16 AM,24
bstronghillnb,6276364215,lchiplennb@dagondesign.com,"vF7%nc@x8C4FT+""+",lpettifornb,3:38 AM,20
wjuzeknc,2556592486,sbraveync@goo.ne.jp,"dI9,y~(E,D",fayarsnc,12:19 AM,98
pbetchleynd,4276639042,mhughsonnd@tuttocitta.it,bI7|>?1m\T6MWEd,swanderscheknd,8:00 PM,45
grasperne,7540143223,iwyrallne@bing.com,eW1+*&J$_43Pd,dvansaltsbergne,8:04 PM,77
kcutteridgenf,8306274903,rbrongernf@google.de,"lT5""@<+3?",mgullennf,12:13 PM,40
tlewinsng,3062485280,tsnawdonng@is.gd,cW5=jrTm|b./q,lcrookesng,1:02 PM,86
plowethnh,7274449680,ncarderonh@domainmarket.com,tN3<}_41,ichesonnh,10:21 PM,44
srobillardni,3718546736,mscotchmorni@blogspot.com,qE7))@|Ff~Qvm,cmccollni,4:49 PM,12
bsplavennj,1308864515,tducarmenj@hhs.gov,"hI0,*=/J",marissnj,10:01 AM,9
nduchartnk,3348787343,gpembrynk@psu.edu,vQ1$YT9Tk.>,wdeedesnk,12:55 PM,27
pkoppensnl,3821233079,msutherannl@abc.net.au,eG9#2Q?fpEYQl,cmossbeenl,8:26 AM,98
aeusticenm,2463398302,idoylandnm@bbc.co.uk,"tM4~.Vx@K}""<mOS\",scalderanm,8:23 AM,72
ahowoodnn,9121871817,hhowardnn@myspace.com,hT9}Zd)kuXa*,kbeddingnn,11:36 PM,66
broglierono,0411686178,mbroomheadno@nymag.com,yG9&cNMa,kdaweno,6:56 AM,39
htoweynp,7908331653,sascroftnp@e-recht24.de,xT7}Pa`N)t.>Tv,jiacovinonp,7:20 AM,3
rsadgrovenq,0161927343,oyeomansnq@thetimes.co.uk,lE5@OWUyo27R\c2>,ielsopnq,4:27 PM,16
xlosselyongnr,4825240771,lbevisnr@youku.com,tM1+.FQUeIno,rbielfeldtnr,8:07 PM,64
bsclaterns,5282976455,kpeedellns@cnet.com,sG8`7.~c6,kbarnevillens,12:12 AM,48
wlygoent,3725917914,iyongent@prlog.org,aK3~21G1qGq#*d,gthurbynt,1:09 AM,11
ajagoenu,4453322151,elyburnnu@netlog.com,pY9!7Fhp.2oD,cswaitenu,3:59 AM,32
bridelnv,1202634664,eheritegenv@technorati.com,uA5+<p_+e.1_,jtrulucknv,2:23 AM,44
gberendsennw,8983813148,abewsheanw@kickstarter.com,nQ1*N(}p,hduckhousenw,7:16 AM,24
mclothiernx,4611601412,eastellnx@xinhuanet.com,hX7)g0hPPv!,blaffannx,12:47 PM,94
fbrumbyny,1718498888,mmackelworthny@furl.net,xY2{cs!>ElvnY0,dgowansonny,10:18 AM,47
jforrestnz,8240858619,dmuggletonnz@independent.co.uk,rN2_T@U`s,gownsworthnz,1:39 AM,99
tdorkino0,6754874988,ghanso0@hc360.com,wM4\+Gd+,landriesseo0,9:36 PM,40
fbarzo1,7621058633,chavoco1@icq.com,cY6%zAzP1,nmcgaughieo1,1:49 PM,96
smarchelloo2,5214731825,pansticeo2@sourceforge.net,lC9$et&9W\o414,cbarnwello2,12:29 AM,54
cwyldboreo3,2666683818,bphettiplaceo3@europa.eu,lU9%.6|b_9WcJ)\U,wjeckello3,2:32 AM,69
akymeo4,2739217560,igonthardo4@com.com,gM6}GAij#haJhw,tdanieliano4,10:53 AM,47
pespaderoo5,8390159546,gduckinfieldo5@nps.gov,xZ3#gVK<G,sdavidzono5,4:39 AM,74
ctheuffo6,5540410297,gkieltyo6@over-blog.com,fN8*{4@2x)R,maitchesono6,12:38 AM,38
ijuleffo7,8263374529,acourceyo7@free.fr,nR7<.84uIqnT,mjammeo7,8:03 PM,42
rogano8,1827698608,dcauldwello8@kickstarter.com,fW2|`uc+h@\,vrueo8,1:58 PM,98
nlunno9,4536073760,mroffeo9@tmall.com,"sI3}Ng`y\L&m!!S,",qelsmoro9,9:46 PM,77
hjurzykoa,0678491127,dmuscatoa@cafepress.com,zP2%B{Lwg\SwY,egalletlyoa,2:50 AM,33
switzob,3728845647,erossbrookob@pinterest.com,wD7\/cJc|,kronaldob,10:16 PM,70
brouthamoc,7520758966,ibinyonoc@imageshack.us,"vN7,b3f.04aepFpX",gbattabeeoc,11:58 AM,38
dsutherelod,7556412490,rrobicod@bbb.org,eF0/$jGd@o9rJP{,astivensod,8:12 PM,8
dfittonoe,1275401899,avettoreoe@hp.com,sA1+(4Wh>'VKxS&f,lchristopheoe,2:53 AM,25
mbickardikeof,4771513953,tskurmof@yellowpages.com,dU8\s%)YD,btungateof,8:56 AM,8
ndipietroog,8913317885,fgraftonog@weibo.com,lD9=Ia*N<6,nscophamog,3:27 PM,56
adowsingoh,5825468226,glongleyoh@ifeng.com,dE8&EtIU,rhopferoh,11:45 AM,15
mbrandtoi,7211135948,mverrelloi@cam.ac.uk,cT4.LQHr%\L{,lmaundoi,6:54 PM,99
hsilverstonoj,0207714940,rsealeyoj@lulu.com,rG1|.eM=IuIUb,tredleyoj,3:01 AM,49
jowttrimok,5057812408,moccleshawok@ask.com,"lO0,s{$C%</X`",ibernaldezok,5:39 PM,90
rallewellol,2319576185,cmurcuttol@123-reg.co.uk,hU1#ysXA|+OqT,ahumphreyol,11:13 AM,56
gchargeom,9974106532,lpinwellom@histats.com,zZ2*LSO(t,yhannerom,3:21 PM,97
estowellon,8489531889,cgrzegorekon@hostgator.com,mG8_Zki|Y)Ce,lsnowballon,10:54 AM,69
cdoyleyoo,5394010692,nposseloo@craigslist.org,"rU8""&PKItS""zF(g",vcluleyoo,4:27 AM,62
wbowleyop,5247925858,nfrancomop@amazon.co.jp,mP0|~pE!'dVqcG1f,wwinsborrowop,11:08 PM,19
rdzeniskevichoq,7117427876,sanslowoq@abc.net.au,vG5?W/F+~t'_fiB8,epossekoq,10:08 PM,34
gstrowthersor,1245166689,carntzenor@delicious.com,wA0|w(Md$,rwoolertonor,2:57 PM,34
doshaughnessyos,0137438621,aburnsos@elegantthemes.com,mT2)H65H,cframptonos,9:36 AM,27
rromanskiot,2801937703,krodmellot@google.it,lK8>cC+mv.$a)+j6,whowatot,2:45 AM,38
alileyou,3830215436,sgilhoolieou@purevolume.com,sU7=FOc}|#VM4,mfaheyou,9:10 AM,17
jpablosov,5483329481,ablackallov@vinaora.com,oL9~aRwyO,gsattefordov,10:41 PM,33
jmaplethorpeow,2032182386,ddjurkovicow@reverbnation.com,qX1&uE+pr*X1rH`N,mcorsanow,4:19 PM,18
jsambrokox,1031291628,bbenedyktowiczox@uiuc.edu,nH0$_Ps9nZ,amandyox,11:38 PM,90
kbisleyoy,8379413237,nstenningoy@answers.com,oT6$+#wKzs+NkHcM,wamiableoy,11:46 AM,51
araggeoz,9846766556,tkulloz@mlb.com,"qL6,5s!)P=",clithgowoz,10:47 PM,26
bmulqueenyp0,8777875583,dblythingp0@go.com,sX2{#!9n,ghymusp0,12:17 AM,45
rhaseldinep1,1080863699,ahugettp1@netvibes.com,rF2!t7cqWi>,cbleakleyp1,9:59 AM,32
scoenp2,6811545674,mcogarp2@msn.com,cL4'z's.6,ebensenp2,6:38 PM,13
hwiddowsonp3,1941612725,mskittrellp3@storify.com,uD6#m7+Bh0NG,aarnalp3,7:41 PM,64
rglendzerp4,0330967460,odocwrap4@ycombinator.com,uN3\%CEE5,kwillavizep4,10:01 AM,27
rswattonp5,3057159036,rbentsonp5@jiathis.com,nE4\.hom13,jkreutzerp5,2:01 PM,29
mgriggp6,3394857677,cguineryp6@dailymail.co.uk,oL4)k<d7EUlUo,bharep6,5:14 PM,16
idoddingp7,5213397220,lstearnep7@themeforest.net,"mE0,f`I_1WVEg,*/",rphiferp7,9:20 AM,95
femmottp8,1395731365,ggratrexp8@woothemes.com,rN2=%'+q8jmwMuF3,ddarringtonp8,2:53 AM,39
gdraycottp9,7302388989,jelgeyp9@miitbeian.gov.cn,oM0$J.wV,tdeardenp9,7:11 PM,74
ckezourecpa,9548920220,dowtrampa@hud.gov,zA4|7kEDb!vm`Cc,jaspinallpa,3:20 AM,66
fgowlettpb,8842242012,ccumberledgepb@photobucket.com,"eB0,q)Sv",slabordapb,1:59 AM,84
rigoepc,6508979841,tculpanpc@illinois.edu,rS7)p`Dy,sgareypc,10:09 PM,63
vveneurpd,9868657318,bshellumpd@imdb.com,fA7&A|?~,dgottschalkpd,7:16 AM,32
kredpathpe,6461844260,aillespe@biglobe.ne.jp,zM0=u=HwZ2hRPL57,rrobbertpe,12:12 PM,76
blambornepf,3530955973,cpetrollopf@china.com.cn,sM6\<M%TNuTI20=Z,nedgertonpf,6:32 PM,23
dtrenearpg,2307490167,tdenverpg@jiathis.com,hD9!KT4A8+>?E6sC,mhaskurpg,2:53 AM,42
cmethringhamph,8096818716,gnelthorpeph@github.com,"jQ2.y12lqVy1,JS7",emowdayph,10:49 PM,24
pabelovpi,0172328225,mgabbottpi@facebook.com,"iB6.M,BDrg,9sh'>",talvenpi,2:18 AM,16
fpyerpj,7371196058,dpapenpj@sbwire.com,pN8(Rt1IK?<x,bgoodladpj,10:25 AM,41
jediepk,0093327021,shubeauxpk@weather.com,uK0\W{R<,dhigginbottampk,9:11 PM,60
tmingardpl,9547313142,mcassellapl@jimdo.com,wX5.5PrK`KgUyQ,kclarsonpl,5:02 AM,98
dweirpm,8958407115,hluckingspm@cdc.gov,kO9?G!R_bBL,voverstreetpm,3:58 AM,25
cgurradopn,5275925778,fiacovazzipn@upenn.edu,kJ1(SjHgvHdEh,nmcraepn,6:17 PM,83
dluxpo,0629847967,mwalshpo@networkadvertising.org,dL0(&|~Y/LR3LK,rholsonpo,1:19 PM,12
tbattertonpp,5553800110,mbartosinskipp@columbia.edu,"yG3<Y,f+#@0oXC#",aglasgowpp,5:43 PM,76
rrolancepq,1613652534,pzukerpq@wix.com,cQ7=$%D7Ns,monionpq,10:45 PM,47
twynnpr,7319997606,kpaceypr@google.cn,"xG7*""{)P",adoylepr,6:08 AM,81
owhickmanps,3757136608,bzannips@ehow.com,kI4&WQNHZ,jharrismithps,4:19 AM,52
lkittelpt,3075125822,cgiffautpt@dedecms.com,dS6&70H$fQj>r,rgascarpt,3:07 PM,41
tcondliffepu,0170672506,ecaughanpu@npr.org,"qO6~e4}_%=u,",mgoodpu,5:26 AM,86
aloitertonpv,4515798375,vpollakpv@gov.uk,nS0>4o6$SBi,wgrantpv,12:25 PM,8
bsmallridgepw,4214411587,cmattiazzopw@alexa.com,xP8%B~%c>KW1,emellodypw,1:13 PM,21
acuddehypx,2824073039,mwhitelockpx@nationalgeographic.com,"hC1/=`&""boc",mmeaderspx,6:57 PM,39
pwallingtonpy,2573690431,afrunkspy@guardian.co.uk,"eM4<Xf`*P""",awollacottpy,8:56 AM,55
ddodgepz,6235980957,aberndtpz@mayoclinic.com,yL5<V.+dZae5XAQ,lattridgepz,9:25 AM,65
jtillmanq0,3426785595,kwhitechurchq0@europa.eu,dV3?u=IKh`!,gclausnerq0,9:28 PM,34
dfoulkesq1,7525704309,erauprichq1@ifeng.com,yV8*'!l<,dmeweq1,1:31 AM,43
vashurstq2,9686762949,mdeignanq2@house.gov,qV6?iQB@~zO9tp,jmcnickleq2,4:49 AM,87
tthiemeq3,6312675742,hribaq3@newsvine.com,fD5'e02GQI&,ksommerfeldq3,5:23 AM,24
zriteleyq4,8700664529,cdythamq4@nydailynews.com,rI6'fN+urc,kfairholmq4,9:56 AM,19
dwolfendenq5,6049158703,amarchamq5@bbb.org,"sZ0~!'""Ha(cvH",sguardq5,4:15 PM,4
jodoohaineq6,6180766428,dscamelq6@home.pl,yY2*Aldfu`,wdoyq6,12:36 PM,60
wvogelerq7,9703578306,lbwyeq7@furl.net,kS7/hsWR+~cM,kskewesq7,9:02 AM,73
msprowleq8,7206097847,llethbrigq8@bravesites.com,fQ8!Mpo/ne,mjuzekq8,11:58 AM,27
lsheweryq9,5884340249,hcunninghamq9@feedburner.com,wO3.C3~Oaun,amckeanq9,7:50 AM,30
mchurchwardqa,5709816868,tratheqa@chronoengine.com,"iC2""Q0<Am(",xklainqa,3:11 PM,22
fbreslandqb,3257978235,astuchberyqb@sohu.com,wC8=wx\'m?YcC,jcrewqb,2:07 PM,57
tcamelqc,2299656685,kbruinqc@drupal.org,yX2${x7exGu,jbaseleyqc,1:52 AM,52
hmcdillqd,0250973804,hschollingqd@yolasite.com,bO7~pUEv,jodeveyqd,10:34 PM,22
sberisfordqe,9006140414,ealdwickqe@ca.gov,jW1+X{}nT5lyc{Q,jlittleoverqe,10:19 PM,21
afliggqf,2054833231,sjellardqf@pbs.org,gX5=y7{W,ibasiliqf,5:23 AM,32
ldownageqg,1376330520,clythgoeqg@imdb.com,sU9+%u{6wP,cellensqg,11:46 AM,7
tjerrardqh,8620392409,pdickmanqh@flavors.me,uW1}sSNnAAIwEy$,ejouhanqh,11:24 AM,20
kpiochqi,4214309898,rgreghqi@guardian.co.uk,rE4!CJfS/Y3kOo,churrenqi,2:39 PM,47
selwinqj,9907231983,gellermanqj@shop-pro.jp,fT9}&A'?UMwb,nminchinqj,10:56 AM,61
aheynenqk,0348831617,bmartinovskyqk@springer.com,lG5&|g){3g,imigheliqk,8:18 PM,60
cgylesql,0247869457,mdillowayql@yandex.ru,bI3{~v5?<9Zy5i,pipslyql,12:34 AM,81
ksavouryqm,2171063599,coreillyqm@globo.com,"sN9&,zZr_{",vbaptyqm,10:45 PM,80
cvanderdaalqn,3969105978,icolliarqn@hud.gov,qF3_cu$hDH&>cZ<E,nsabineqn,11:41 AM,61
vtolomeiqo,3623009741,ldoxseyqo@purevolume.com,yQ8_|(vqG,csnarqo,8:59 AM,50
lvasyutichevqp,7546757258,rweavingqp@gov.uk,"wO3/tw.""T/M3GV",gmartinettoqp,3:47 AM,41
nharmonqq,4798465690,nsafferqq@berkeley.edu,"jJ1+O8,VZ01{f",ptitherqq,7:53 AM,48
nmccumeskyqr,5140707128,rdishmonqr@quantcast.com,kO3`xlt*\,tisonqr,5:21 AM,36
lkeniwellqs,6746520749,drizzoneqs@unicef.org,"hA0@WGW>J58,0\%",bcaddqs,9:59 PM,43
ggylesqt,5881722582,cspurrettqt@sitemeter.com,wS0)_}x5?,mragsdallqt,12:34 AM,91
fsemmencequ,3534458761,bjennickqu@is.gd,sV3'R5>I5K%(A,geglisequ,1:07 PM,92
ebenleyqv,5676259531,cjanicijevicqv@sina.com.cn,"mN7@zz?(cO1""\",tfieldhouseqv,4:28 AM,58
ostoateqw,1604751258,lschutzeqw@apache.org,dO5#Ufr\}L&z,zpappsqw,4:41 PM,26
mmccartyqx,1072339625,wdraynqx@people.com.cn,"hX8<,%iO",balexanderqx,11:19 PM,41
rpostanceqy,0111028973,rmurchqy@ustream.tv,yR4~fS`Q,cleipeltqy,12:36 AM,52
bmogridgeqz,6912946704,krohlfingqz@dion.ne.jp,nC8{L*h!,rcoultousqz,5:18 AM,15
srowellr0,5289807861,gnewcomenr0@japanpost.jp,cH9'of9=2<rArkb,rpostillr0,3:17 AM,14
jhobbingr1,0638585775,pbazoger1@linkedin.com,hA0/fUkaB9O,nmellr1,3:34 AM,45
jwittringtonr2,0834429101,dmoattr2@nifty.com,zQ9@JFt=R,jgibbier2,10:55 PM,13
ffeliper3,9364670353,zflecknellr3@businessweek.com,bQ7?Qt/+(@f,gjeffrayr3,11:11 PM,69
lkertonr4,6019580598,gbyrner4@printfriendly.com,mA1~g#y|@T(&?><,jvickermanr4,10:53 AM,59
uskypper5,9509330361,emcginlayr5@ucsd.edu,yO5~iOrU4Y,mdahlgrenr5,5:26 PM,34
slawlerr6,8749365770,kgodarr6@over-blog.com,oI5%nMie<AUY}1,gsantarellir6,12:13 PM,28
aankerr7,2675689866,cpundyr7@example.com,iA4($m2ODK3$,jbennisr7,3:54 AM,26
mhurlinr8,1937457257,ngullifordr8@fda.gov,yH6#SDoq4,fearsmanr8,8:29 AM,18
emacgowanr9,9986311349,jmclavertyr9@baidu.com,lM4?(&*h.'ka78NO,mdowntonr9,1:25 AM,15
huppettra,7632285423,aonraetra@symantec.com,tQ1('/!Dd,bpimleyra,1:40 AM,51
pfernelyrb,8537497452,aclausiusrb@bigcartel.com,cQ9#ApT6/?0L(,clidgettrb,4:28 PM,62
rdacostarc,6771438414,wyendallrc@reference.com,fP6<bUXHf2<,kkubalrc,12:42 PM,82
hjirurd,5075989306,vtoulsonrd@springer.com,eT5({CX<mGaBRV>',rsydryrd,11:54 AM,21
vslatere,6905136565,aguitonneaure@shutterfly.com,aZ0%SuTqMtK>M,tmccloshre,3:49 PM,47
pscuddersrf,3263826336,dbousquetrf@phpbb.com,aE6?9S43'v%5,rchisnallrf,5:48 PM,99
gkalinovichrg,5782135042,fondrichrg@uiuc.edu,xA1`ynS{7R%,lglennardrg,10:16 AM,29
rwaitonrh,6443006380,hyankinrh@dropbox.com,"xR6?|Kou,ldW",jpruvostrh,5:02 PM,75
cbrownhillri,2359210092,awadforthri@sun.com,cQ9!$<#$1\v/&u,cdomercri,3:03 AM,56
cocorriganerj,9046181375,cmawerrj@addtoany.com,cC5}e=6CF,shamlyrj,8:34 PM,40
mfazziolirk,0794580408,hsnarttrk@nymag.com,bF5/KmY(z!Z,gwittletonrk,12:38 PM,15
bclipshamrl,6155812977,hbrandlirl@deviantart.com,eG7@M@=GL&K>C,hwasbeyrl,4:15 AM,10
tarcaserm,2510837877,jmatteuzzirm@tumblr.com,mS5#z}o{8k51,cmuckloerm,10:34 PM,81
sgrettonrn,9335475645,emoughtonrn@aboutads.info,aR3!>D<4d+,ljoderrn,11:34 PM,41
lruslinro,2929473223,lnorthedgero@acquirethisname.com,rM2|5&ap9q2d!,ghalfheadro,6:25 AM,93
rsolanorp,6755348767,spachecorp@toplist.cz,"fF6#g""BgH",spadgintonrp,4:00 AM,98
lblabierq,8247163799,wkobrq@webeden.co.uk,"kD9""ry(&(%|)hrRH",tbosquetrq,3:41 PM,71
adimnagerr,5283090655,atominirr@forbes.com,"tQ5,|ISL8KDc)~/J",gcaghanrr,2:52 PM,35
